#  2M2228  Ch1 Light Curve
# Period =        1.3685900 hr
# Time [BMJD]       Counts
  56279.5196750     3509.76202
  56279.5198228     3596.00530
  56279.5199756     3318.89072
  56279.5201284     3445.44211
  56279.5202812     3462.50618
  56279.5204292     3225.65614
  56279.5205820     3312.18829
  56279.5207347     3384.40388
  56279.5208874     3413.91463
  56279.5210357     3581.48197
  56279.5211884     3452.34025
  56279.5213411     3376.37040
  56279.5214940     3444.39032
  56279.5216467     3337.12084
  56279.5217949     3624.66109
  56279.5219476     3535.87260
  56279.5221004     3435.82424
  56279.5222485     3435.73176
  56279.5224012     3368.82137
  56279.5225541     3346.70545
  56279.5227067     3530.91290
  56279.5228596     3647.44751
  56279.5230077     3364.97753
  56279.5231604     3217.27960
  56279.5233132     3506.90958
  56279.5234613     3425.51133
  56279.5236143     3465.46160
  56279.5237669     3411.15204
  56279.5239196     3357.35702
  56279.5240678     3677.33011
  56279.5242205     3466.29508
  56279.5243733     3296.05338
  56279.5245261     3403.53625
  56279.5246789     3526.59605
  56279.5248270     3443.05778
  56279.5249799     3363.86625
  56279.5251325     3475.44846
  56279.5252807     3224.33875
  56279.5254334     3534.85743
  56279.5255862     3528.53843
  56279.5257390     3457.77964
  56279.5258870     3350.27128
  56279.5260400     3352.62573
  56279.5261926     3614.27432
  56279.5263453     3494.53462
  56279.5264935     3552.27407
  56279.5266463     3363.67447
  56279.5267991     3484.54078
  56279.5269518     3288.30054
  56279.5271001     3634.25294
  56279.5272573     3354.62679
  56279.5274055     3468.94621
  56279.5275582     3273.04767
  56279.5277064     3310.84188
  56279.5278592     3335.33639
  56279.5280119     3466.25815
  56279.5281648     3355.00907
  56279.5283175     3276.30644
  56279.5284702     3542.47095
  56279.5286184     3533.36093
  56279.5287711     3479.62841
  56279.5289193     3498.84216
  56279.5290720     3402.62026
  56279.5292248     3518.36777
  56279.5293775     3505.44003
  56279.5295257     3510.27713
  56279.5296785     3340.04691
  56279.5298313     3440.82026
  56279.5299841     3441.09192
  56279.5301322     3342.33574
  56279.5302849     3293.09556
  56279.5304377     3424.13140
  56279.5305905     3330.00409
  56279.5307386     3531.78402
  56279.5308913     3585.96228
  56279.5310440     3544.43288
  56279.5311969     3485.87515
  56279.5313449     3499.98249
  56279.5314978     3500.77519
  56279.5316506     3296.77177
  56279.5318032     3390.34020
  56279.5319514     3363.01109
  56279.5321041     3350.51814
  56279.5322570     3571.05648
  56279.5324096     3464.27559
  56279.5325579     3430.85104
  56279.5327106     3589.92205
  56279.5328633     3379.24378
  56279.5330162     3501.90196
  56279.5331642     3518.88366
  56279.5333217     3463.75405
  56279.5334698     3447.51994
  56279.5336225     3475.81029
  56279.5337754     3561.04562
  56279.5339234     3327.61831
  56279.5340763     3626.54118
  56279.5342290     3403.31163
  56279.5343817     3549.46036
  56279.5345299     3476.65194
  56279.5346826     3475.45687
  56279.5348355     3505.32809
  56279.5349836     3584.37998
  56279.5351364     3350.66110
  56279.5352892     3531.96807
  56279.5354419     3417.13130
  56279.5357427     3325.77638
  56279.5358955     3260.75937
  56279.5360529     3642.56061
  56279.5361964     3513.32173
  56279.5363492     3636.27722
  56279.5365020     3448.46649
  56279.5366547     3567.73088
  56279.5368028     3546.35723
  56279.5369556     3429.87356
  56279.5371084     3453.04739
  56279.5372612     3388.16095
  56279.5374093     3663.72851
  56279.5375667     3419.56585
  56279.5377148     3527.26142
  56279.5378675     3499.84607
  56279.5380157     3612.76673
  56279.5381685     3459.40646
  56279.5383214     3406.94256
  56279.5384740     3375.39750
  56279.5386221     3693.33089
  56279.5389277     3467.02418
  56279.5390804     3504.65616
  56279.5392285     3524.76806
  56279.5393813     3449.41788
  56279.5395341     3327.73156
  56279.5396869     3376.89302
  56279.5398350     3662.46726
  56279.5399924     3679.40846
  56279.5401405     3534.47318
  56279.5402933     3491.23250
  56279.5404413     3540.75382
  56279.5405942     3458.42662
  56279.5407470     3422.48887
  56279.5408997     3520.42274
  56279.5410479     3386.98582
  56279.5412007     3528.91958
  56279.5413534     3566.11002
  56279.5415062     3329.10893
  56279.5416542     3610.71555
  56279.5418071     3432.63582
  56279.5419599     3316.17245
  56279.5421126     3376.50250
  56279.5422608     3577.16085
  56279.5424136     3550.81692
  56279.5425662     3511.46704
  56279.5427190     3378.13257
  56279.5428672     3583.81287
  56279.5430199     3357.61485
  56279.5433255     3564.57492
  56279.5437790     3408.85405
  56279.5439319     3364.27476
  56279.5440800     3625.30203
  56279.5442328     3245.63529
  56279.5443856     3604.20037
  56279.5445383     3443.87588
  56279.5446865     3608.70811
  56279.5448392     3516.07978
  56279.5449921     3443.13226
  56279.5451448     3516.25174
  56279.5452928     3385.69333
  56279.5454457     3496.93591
  56279.5455984     3564.42356
  56279.5457512     3557.45919
  56279.5458993     3344.64978
  56279.5460521     3473.34065
  56279.5462048     3562.29703
  56279.5463575     3466.75963
  56279.5465058     3463.66657
  56279.5468160     3312.28285
  56279.5469641     3457.16960
  56279.5472649     3431.54249
  56279.5474177     3349.10409
  56279.5475705     3487.88902
  56279.5477232     3376.99770
  56279.5478714     3317.12642
  56279.5480241     3570.13420
  56279.5481770     3300.74066
  56279.5483250     3388.92575
  56279.5484777     3587.50854
  56279.5486306     3296.63809
  56279.5487833     3587.26323
  56279.5489315     3481.80630
  56279.5490842     3306.58865
  56279.5492371     3587.23960
  56279.5493898     3450.74472
  56279.5495379     3424.11868
  56279.5496907     3408.82374
  56279.5498434     3468.27059
  56279.5499963     3283.25669
  56279.5501443     3175.48918
  56279.5502972     3379.87514
  56279.5504498     3598.47252
  56279.5506026     3415.20194
  56279.5507507     3642.21521
  56279.5509035     3432.30576
  56279.5510563     3676.61734
  56279.5512091     3374.40247
  56279.5513619     3179.47069
  56279.5515099     3439.58668
  56279.5516628     3221.91610
  56279.5518155     3532.41394
  56279.5519636     3557.28489
  56279.5521164     3567.12126
  56279.5522692     3497.87468
  56279.5524220     3303.39483
  56279.5525700     3546.37618
  56279.5527228     3412.03084
  56279.5528756     3391.53440
  56279.5530283     3383.48669
  56279.5531766     3440.24235
  56279.5533293     3304.20437
  56279.5534820     3259.33390
  56279.5536348     3137.34203
  56279.5537829     3307.59204
  56279.5539357     3374.70170
  56279.5540884     3277.42101
  56279.5542413     3457.60481
  56279.5543940     3405.78936
  56279.5545421     3442.70347
  56279.5546948     3508.21582
  56279.5548477     3358.56937
  56279.5549958     3465.44133
  56279.5551486     3569.95477
  56279.5553013     3487.94399
  56279.5554540     3557.80587
  56279.5556023     3389.75344
  56279.5557597     3365.44978
  56279.5559077     3658.95916
  56279.5560605     3568.79814
  56279.5562086     3232.66184
  56279.5563661     3329.48657
  56279.5565142     3505.27703
  56279.5566670     3259.84709
  56279.5568151     3373.40473
  56279.5569678     3550.20817
  56279.5571206     3449.11801
  56279.5572734     3352.33493
  56279.5574262     3461.08866
  56279.5575789     3254.21803
  56279.5577271     3361.62396
  56279.5578799     3339.75442
  56279.5580279     3492.12197
  56279.5581808     3507.07188
  56279.5583335     3437.33000
  56279.5584861     3544.35988
  56279.5586344     3547.35397
  56279.5587871     3225.42093
  56279.5589399     3318.25568
  56279.5590926     3431.76056
  56279.5592408     3599.68589
  56279.5593935     3343.32050
  56279.5595463     3358.24802
  56279.5596991     3257.05177
  56279.5598472     3449.42707
  56279.5600000     3247.69587
  56279.5601527     3390.81609
  56279.5603056     3503.39548
  56279.5604583     3492.57013
  56279.5606064     3425.21912
  56279.5607592     3378.61928
  56279.5609120     3556.84653
  56279.5610601     3450.19726
  56279.5612128     3309.17246
  56279.5613657     3402.39920
  56279.5615184     3400.21218
  56279.5616711     3221.02314
  56279.5618192     3243.20147
  56279.5619721     3214.27458
  56279.5621249     3617.10867
  56279.5622729     3415.66802
  56279.5624257     3280.45791
  56279.5625785     3555.42217
  56279.5627313     3367.22764
  56279.5628794     3615.12355
  56279.5630322     3357.85860
  56279.5631850     3211.86235
  56279.5633377     3202.39750
  56279.5634905     3289.78813
  56279.5636386     3536.14657
  56279.5637913     3326.45179
  56279.5639441     3230.38240
  56279.5642450     3165.41117
  56279.5643978     3321.31104
  56279.5645505     3142.66392
  56279.5646987     3405.07172
  56279.5648515     3336.29878
  56279.5650042     3506.34865
  56279.5651569     3208.67143
  56279.5653051     3343.97459
  56279.5654579     3319.35591
  56279.5657635     3289.49393
  56279.5659116     3250.65273
  56279.5660644     3332.59366
  56279.5662171     3133.18662
  56279.5663698     3290.85638
  56279.5665226     3341.17841
  56279.5666707     3375.80688
  56279.5668236     3397.66988
  56279.5669763     3262.01527
  56279.5671244     3362.61991
  56279.5672771     3505.98539
  56279.5674299     3374.74588
  56279.5675827     3348.61041
  56279.5677354     3318.80495
  56279.5678836     3430.91096
  56279.5680364     3281.52182
  56279.5681891     3381.05582
  56279.5683419     3065.88986
  56279.5684899     3259.65168
  56279.5686429     3149.06549
  56279.5687956     3344.84270
  56279.5689437     3428.70096
  56279.5690965     3485.56689
  56279.5692492     3391.26136
  56279.5694021     3378.91195
  56279.5695547     3333.15516
  56279.5697029     3315.33347
  56279.5698556     3302.63511
  56279.5700083     3236.82649
  56279.5701566     3365.82609
  56279.5703093     3326.49680
  56279.5704621     3363.74854
  56279.5706148     3467.85324
  56279.5707631     3374.14135
  56279.5709158     3403.74366
  56279.5710684     3245.59046
  56279.5712213     3447.69193
  56279.5713694     3418.39241
  56279.5715223     3535.08169
  56279.5716750     3574.93308
  56279.5718277     3182.47735
  56279.5719759     3416.03488
  56279.5721286     3485.69433
  56279.5722814     3335.43885
  56279.5724341     3431.91054
  56279.5725870     3195.98032
  56279.5727397     3277.22382
  56279.5728877     3366.57186
  56279.5730407     3668.71677
  56279.5731887     3428.74907
  56279.5733415     3381.37005
  56279.5734942     3143.15140
  56279.5736471     3328.32309
  56279.5737998     3470.93752
  56279.5739479     3449.67791
  56279.5741007     3239.48761
  56279.5742534     3266.85487
  56279.5744063     3416.48527
  56279.5745543     3273.14972
  56279.5747071     3383.67758
  56279.5748599     3494.57642
  56279.5750126     3341.82128
  56279.5751608     3415.01804
  56279.5753135     3368.23678
  56279.5754663     3359.58942
  56279.5756190     3236.32855
  56279.5757673     3375.54281
  56279.5759200     3502.04200
  56279.5760727     3390.72283
  56279.5762255     3380.75251
  56279.5763736     3653.89512
  56279.5765264     3437.80965
  56279.5766791     3322.59127
  56279.5768274     3340.53852
  56279.5769801     3242.48570
  56279.5771375     3513.31494
  56279.5772856     3357.21184
  56279.5774337     3207.60721
  56279.5775864     3513.44946
  56279.5777392     3479.38192
  56279.5778919     3253.61304
  56279.5780448     3240.68381
  56279.5781929     3541.99231
  56279.5783457     3340.35233
  56279.5784984     3188.68317
  56279.5786512     3287.11838
  56279.5787993     3250.42401
  56279.5789521     3461.50355
  56279.5791049     3359.73759
  56279.5792530     3446.55102
  56279.5794105     3318.56526
  56279.5795586     3335.30188
  56279.5797113     3627.34788
  56279.5798641     3235.76510
  56279.5800121     3368.74877
  56279.5801650     3389.37845
  56279.5803177     3217.41039
  56279.5804706     3428.23659
  56279.5806187     3315.67822
  56279.5807713     3273.05466
  56279.5809242     3534.96540
  56279.5810769     3459.24634
  56279.5812251     3524.52167
  56279.5813778     3389.23547
  56279.5815352     3308.09052
  56279.5816834     3472.27564
  56279.5818315     3435.07598
  56279.5819842     3311.78061
  56279.5821370     3308.11516
  56279.5822899     3555.45739
  56279.5824379     3514.50878
  56279.5825908     3484.04661
  56279.5827435     3320.83703
  56279.5828962     3238.17994
  56279.5830444     3242.86659
  56279.5831970     3336.97947
  56279.5833499     3480.90057
  56279.5835026     3459.15797
  56279.5836507     3398.62076
  56279.5838036     3418.92748
  56279.5839563     3307.13527
  56279.5841091     3408.68410
  56279.5842572     3463.67957
  56279.5844101     3410.46582
  56279.5845627     3511.58425
  56279.5847155     3551.85714
  56279.5848637     3411.75662
  56279.5850164     3365.79212
  56279.5851693     3460.00207
  56279.5853219     3458.36299
  56279.5854701     3612.91930
  56279.5856229     3657.50999
  56279.5859284     3473.91313
  56279.5860765     3618.58825
  56279.5862294     3618.75592
  56279.5863821     3501.91801
  56279.5865347     3474.22475
  56279.5866829     3544.78040
  56279.5868357     3505.60186
  56279.5869885     3298.58464
  56279.5871413     3471.90717
  56279.5872894     3501.48266
  56279.5874468     3456.72025
  56279.5875949     3571.25075
  56279.5877476     3468.91149
  56279.5878958     3546.90456
  56279.5880486     3494.52183
  56279.5882013     3513.36756
  56279.5883541     3555.56725
  56279.5885022     3499.45384
  56279.5886550     3330.94755
  56279.5888078     3496.47089
  56279.5889605     3621.13512
  56279.5891087     3573.53207
  56279.5892661     3361.67461
  56279.5894142     3482.19926
  56279.5895670     3390.04755
  56279.5897150     3205.06171
  56279.5898679     3556.84250
  56279.5900207     3529.37633
  56279.5901735     3396.14822
  56279.5903261     3519.68222
  56279.5904742     3531.92264
  56279.5906272     3406.23577
  56279.5909279     3421.95049
  56279.5910808     3675.34078
  56279.5912335     3442.45727
  56279.5913863     3585.98529
  56279.5915343     3369.54732
  56279.5916918     3557.18548
  56279.5918399     3546.83011
  56279.5919928     3339.80896
  56279.5921409     3574.41081
  56279.5922982     3349.48199
  56279.5924464     3514.67699
  56279.5925991     3449.87256
  56279.5927473     3524.19165
  56279.5929000     3527.42996
  56279.5930528     3436.53111
  56279.5932056     3581.99386
  56279.5933536     3479.85121
  56279.5935112     3375.57918
  56279.5936592     3560.15651
  56279.5938120     3408.96383
  56279.5939647     3437.85873
  56279.5941129     3537.12688
  56279.5942656     3438.86045
  56279.5944185     3526.24077
  56279.5945711     3511.86409
  56279.5947239     3632.79439
  56279.5948721     3667.38643
  56279.5950248     3446.07374
  56279.5951730     3559.70522
  56279.5953258     3444.27368
  56279.5954786     3545.76758
  56279.5956313     3451.02096
  56279.5957794     3391.01635
  56279.5959322     3525.59035
  56279.5960895     3596.20006
  56279.5962378     3441.50332
  56279.5963858     3553.18078
  56279.5965387     3394.70445
  56279.5966914     3558.17636
  56279.5968441     3359.37496
  56279.5969923     3604.33207
  56279.5971451     3491.50017
  56279.5972979     3568.45701
  56279.5974505     3394.99793
  56279.5976034     3528.00665
  56279.5977515     3404.39685
  56279.5979041     3610.22089
  56279.5980571     3414.83883
  56279.5982050     3480.35227
  56279.5983626     3474.68387
  56279.5985106     3328.69897
  56279.5986634     3161.83512
  56279.5988116     3587.79239
  56279.5989643     3467.98713
  56279.5991172     3446.00325
  56279.5992698     3431.74826
  56279.5994180     3643.52723
  56279.5995707     3487.63956
  56279.5997236     3511.26934
  56279.5998763     3269.67413
  56279.6000244     3663.17276
  56279.6001772     3483.54398
  56279.6003300     3519.88511
  56279.6004827     3546.25101
  56279.6006355     3535.37238
  56279.6007836     3408.05635
  56279.6009364     3351.95576
  56279.6010891     3553.28847
  56279.6012373     3561.97070
  56279.6013900     3465.41955
  56279.6015428     3423.10936
  56279.6016956     3400.05444
  56279.6018437     3386.43090
  56279.6019965     3515.88361
  56279.6023020     3479.82971
  56279.6024501     3595.98533
  56279.6026028     3573.34491
  56279.6027557     3432.98958
  56279.6029084     3398.53350
  56279.6030613     3773.18779
  56279.6032093     3690.80763
  56279.6033620     3455.57914
  56279.6035149     3354.72989
  56279.6036676     3544.41739
  56279.6038158     3615.82865
  56279.6039685     3489.18425
  56279.6041213     3442.02826
  56279.6042695     3443.03431
  56279.6044221     3453.91455
  56279.6045750     3341.18964
  56279.6048759     3392.41108
  56279.6050286     3501.47604
  56279.6051861     3505.61981
  56279.6053342     3292.18938
  56279.6054823     3551.51436
  56279.6056397     3454.62014
  56279.6057878     3453.30127
  56279.6059406     3205.23702
  56279.6060887     3307.90134
  56279.6062416     3544.79860
  56279.6063942     3366.50336
  56279.6065470     3626.31174
  56279.6066999     3398.02252
  56279.6068479     3679.73000
  56279.6070007     3369.92146
  56279.6071534     3282.92874
  56279.6073017     3304.41050
  56279.6074544     3561.69575
  56279.6076071     3512.38239
  56279.6077598     3352.22963
  56279.6079080     3442.16255
  56279.6080608     3387.98969
  56279.6082135     3459.56076
  56279.6083663     3430.13424
  56279.6085144     3582.02228
  56279.6086672     3277.69797
  56279.6088201     3534.28568
  56279.6089727     3258.29515
  56279.6091210     3488.28421
  56279.6092737     3382.77893
  56279.6094264     3636.37316
  56279.6095792     3452.24800
  56279.6097319     3387.58334
  56279.6098801     3452.91908
  56279.6100329     3484.70766
  56279.6101857     3420.81621
  56279.6103337     3446.21120
  56279.6104865     3343.22275
  56279.6106393     3404.41987
  56279.6107921     3525.35671
  56279.6109402     3555.38656
  56279.6110929     3386.99857
  56279.6112457     3392.02431
  56279.6113985     3535.34273
  56279.6115466     3401.67396
  56279.6116994     3431.50208
  56279.6118521     3452.21461
  56279.6120050     3375.28553
  56279.6121530     3599.74951
  56279.6123057     3385.51082
  56279.6124586     3471.54761
  56279.6126113     3357.45547
  56279.6127641     3354.57174
  56279.6129122     3259.50708
  56279.6130650     3422.43652
  56279.6132178     3307.53427
  56279.6133659     3424.56568
  56279.6135188     3335.34669
  56279.6136714     3417.19881
  56279.6138288     3188.73929
  56279.6139724     3628.57411
  56279.6141251     3415.47998
  56279.6142779     3570.85449
  56279.6144306     3527.54742
  56279.6145788     3289.62094
  56279.6147315     3376.39836
  56279.6148844     3310.60418
  56279.6150371     3590.59399
  56279.6151852     3701.08900
  56279.6153380     3288.52606
  56279.6154907     3242.79703
  56279.6156435     3531.07837
  56279.6157962     3298.46173
  56279.6159490     3578.80397
  56279.6162499     3450.72054
  56279.6163981     3425.78428
  56279.6165508     3463.52493
  56279.6167037     3393.29118
  56279.6168563     3363.60110
  56279.6170090     3201.19424
  56279.6171573     3545.54641
  56279.6173100     3530.55429
  56279.6174628     3386.78482
  56279.6176109     3436.61757
  56279.6177637     3483.03934
  56279.6179165     3249.20998
  56279.6180691     3560.26627
  56279.6182173     3326.43407
  56279.6183702     3286.34241
  56279.6185229     3162.36359
  56279.6186757     3248.55311
  56279.6188285     3292.64515
  56279.6189766     3286.30760
  56279.6191293     3316.59006
  56279.6192821     3370.69402
  56279.6195830     3454.43164
  56279.6197357     3394.27825
  56279.6198885     3354.64112
  56279.6200367     3525.27420
  56279.6201894     3375.83887
  56279.6203423     3299.96077
  56279.6204950     3382.87203
  56279.6206430     3462.93229
  56279.6207959     3491.71438
  56279.6209485     3266.10988
  56279.6211014     3348.98450
  56279.6212494     3335.65916
  56279.6214024     3266.47167
  56279.6215550     3643.59185
  56279.6217078     3185.82827
  56279.6218606     3430.18159
  56279.6220087     3352.80461
  56279.6221615     3323.95301
  56279.6223142     3357.17308
  56279.6224624     3387.23909
  56279.6226152     3460.38503
  56279.6227678     3535.58998
  56279.6229206     3324.35825
  56279.6230688     3219.62122
  56279.6232216     3405.41591
  56279.6233743     3356.49368
  56279.6235271     3429.96127
  56279.6236752     3475.95672
  56279.6238326     3402.42411
  56279.6239807     3365.63964
  56279.6241335     3316.81381
  56279.6242862     3232.56092
  56279.6244345     3620.42644
  56279.6245872     3329.18936
  56279.6247400     3159.76590
  56279.6248927     3345.38319
  56279.6250409     3512.66945
  56279.6251936     3381.81223
  56279.6253464     3439.91154
  56279.6254945     3557.46868
  56279.6256473     3335.37049
  56279.6258001     3295.64195
  56279.6259527     3441.85342
  56279.6261009     3239.78562
  56279.6262537     3440.38466
  56279.6264065     3354.69063
  56279.6265593     3364.06165
  56279.6267074     3306.79792
  56279.6268602     3379.06913
  56279.6270175     3446.31431
  56279.6271657     3330.04026
  56279.6273138     3375.04332
  56279.6274667     3231.57877
  56279.6276194     3238.57746
  56279.6277720     3217.59468
  56279.6279249     3324.15398
  56279.6280730     3474.71988
  56279.6282258     3237.97342
  56279.6283786     3376.07393
  56279.6285267     3496.21243
  56279.6286795     3348.84488
  56279.6288322     3434.33701
  56279.6289850     3429.14085
  56279.6291330     3331.00737
  56279.6292859     3370.54756
  56279.6294386     3261.79660
  56279.6295914     3305.10652
  56279.6297442     3270.41852
  56279.6298922     3295.59787
  56279.6300451     3300.46641
  56279.6301979     3297.99129
  56279.6303460     3384.96501
  56279.6304988     3532.02075
  56279.6306515     3383.99305
  56279.6308043     3295.73456
  56279.6309570     3323.00853
  56279.6311051     3324.99963
  56279.6312579     3426.53559
  56279.6314107     3424.38711
  56279.6315588     3219.83579
  56279.6317117     3298.81511
  56279.6318644     3281.82255
  56279.6320171     3387.26117
  56279.6321698     3366.80768
  56279.6323181     3156.30236
  56279.6324708     3428.37026
  56279.6326235     3317.18538
  56279.6327717     3250.96632
  56279.6329244     3362.19502
  56279.6330773     3407.25607
  56279.6332299     3335.79180
  56279.6333782     3383.92375
  56279.6335309     3449.46254
  56279.6336836     3405.28097
  56279.6338365     3167.80203
  56279.6339892     3536.31930
  56279.6341374     3402.13063
  56279.6342901     3328.43444
  56279.6344428     3380.39726
  56279.6345910     3280.96822
  56279.6347437     3379.64656
  56279.6348966     3244.61729
  56279.6350493     3530.06327
  56279.6351974     3436.70400
  56279.6353502     3480.90681
  56279.6355076     3494.49857
  56279.6356558     3257.90234
  56279.6358039     3415.49412
  56279.6359566     3329.14757
  56279.6361094     3592.12521
  56279.6362621     3276.78683
  56279.6364150     3330.13542
  56279.7008359     3351.73314
  56279.7009882     3622.78461
  56279.7011410     3310.24451
  56279.7012938     3541.63384
  56279.7014420     3352.89966
  56279.7015947     3471.99469
  56279.7017473     3297.49241
  56279.7018955     3484.15797
  56279.7020483     3450.67653
  56279.7022012     3599.11964
  56279.7023492     3601.10658
  56279.7025021     3469.46866
  56279.7026548     3414.35041
  56279.7028075     3601.89442
  56279.7029604     3629.32324
  56279.7031085     3510.99899
  56279.7032612     3457.82692
  56279.7034139     3504.71632
  56279.7035668     3539.85665
  56279.7037149     3396.20545
  56279.7038677     3399.44717
  56279.7040204     3562.23056
  56279.7041685     3490.62729
  56279.7043259     3684.27361
  56279.7044740     3505.35565
  56279.7046269     3397.90949
  56279.7047796     3393.29381
  56279.7049323     3460.57653
  56279.7050805     3670.81545
  56279.7052333     3369.54490
  56279.7053861     3235.97722
  56279.7055342     3560.90861
  56279.7056869     3625.60719
  56279.7058397     3666.92792
  56279.7059925     3532.43279
  56279.7061405     3448.84442
  56279.7062933     3515.46258
  56279.7064462     3667.76174
  56279.7065988     3412.17490
  56279.7067469     3505.47045
  56279.7068998     3508.88175
  56279.7070525     3349.35285
  56279.7072007     3652.74326
  56279.7073535     3541.91050
  56279.7075063     3467.24954
  56279.7076589     3470.75336
  56279.7078117     3711.82871
  56279.7079646     3577.79182
  56279.7081126     3620.21347
  56279.7082655     3454.17940
  56279.7084182     3488.77172
  56279.7085664     3512.25723
  56279.7087237     3420.60796
  56279.7088718     3528.12488
  56279.7090246     3499.81452
  56279.7091727     3502.36697
  56279.7093256     3595.30988
  56279.7094783     3610.46849
  56279.7096311     3502.27503
  56279.7097791     3777.28256
  56279.7099320     3661.57264
  56279.7100848     3548.68482
  56279.7102375     3517.72165
  56279.7103857     3538.77375
  56279.7105384     3537.50894
  56279.7106911     3475.17993
  56279.7108440     3475.76798
  56279.7109920     3675.03865
  56279.7111449     3513.00975
  56279.7112975     3287.47992
  56279.7114502     3431.21856
  56279.7115984     3534.90918
  56279.7117512     3684.41967
  56279.7119040     3602.93881
  56279.7122049     3540.17688
  56279.7123576     3511.67492
  56279.7125105     3397.37614
  56279.7126632     3462.80416
  56279.7128113     3368.57387
  56279.7129641     3446.17690
  56279.7131168     3533.78952
  56279.7132697     3498.44110
  56279.7134177     3414.01460
  56279.7135752     3241.75763
  56279.7137233     3401.16810
  56279.7138760     3576.92688
  56279.7140242     3436.35111
  56279.7141770     3508.91712
  56279.7143297     3576.62447
  56279.7144824     3425.19562
  56279.7146307     3440.68033
  56279.7147880     3465.94575
  56279.7149361     3515.13892
  56279.7150890     3460.20615
  56279.7152371     3347.51930
  56279.7153898     3696.85030
  56279.7156953     3337.05505
  56279.7158435     3384.38590
  56279.7159962     3454.03591
  56279.7161490     3212.47736
  56279.7163018     3438.62347
  56279.7164499     3344.70966
  56279.7166028     3152.94021
  56279.7169082     3403.48768
  56279.7172138     3438.39652
  56279.7173619     3719.45434
  56279.7175146     3509.17556
  56279.7176674     3441.56615
  56279.7178156     3510.21093
  56279.7179683     3301.60264
  56279.7182693     3527.13655
  56279.7184266     3464.35224
  56279.7185746     3375.61968
  56279.7187275     3558.80594
  56279.7188756     3598.50540
  56279.7190284     3384.60317
  56279.7191812     3460.32404
  56279.7193339     3534.57185
  56279.7194821     3446.03141
  56279.7196348     3505.01822
  56279.7197877     3493.84825
  56279.7199404     3531.08357
  56279.7200885     3534.98550
  56279.7202412     3398.94067
  56279.7203940     3514.96463
  56279.7205468     3445.60716
  56279.7206949     3401.00598
  56279.7208478     3387.27356
  56279.7210005     3404.58343
  56279.7211533     3362.07902
  56279.7213013     3538.88126
  56279.7214542     3381.84163
  56279.7216069     3402.14949
  56279.7217596     3401.70174
  56279.7219078     3563.00875
  56279.7220652     3361.65937
  56279.7222134     3548.56357
  56279.7223661     3505.65165
  56279.7225188     3408.37688
  56279.7226670     3307.73284
  56279.7228197     3218.05584
  56279.7229726     3521.73363
  56279.7231206     3576.52048
  56279.7232734     3631.86199
  56279.7234261     3635.27857
  56279.7235789     3395.78089
  56279.7237271     3141.73403
  56279.7238845     3448.26232
  56279.7240327     3424.07616
  56279.7241854     3501.09058
  56279.7243335     3614.88858
  56279.7244910     3436.68395
  56279.7246390     3523.97922
  56279.7247917     3331.27748
  56279.7249399     3427.59750
  56279.7250926     3458.55554
  56279.7252456     3443.17982
  56279.7253982     3314.59097
  56279.7255464     3430.44463
  56279.7256992     3361.04280
  56279.7258519     3418.09160
  56279.7260047     3283.20036
  56279.7261528     3340.39553
  56279.7263057     3628.19352
  56279.7264583     3518.50267
  56279.7266112     3616.24233
  56279.7267592     3431.16223
  56279.7269120     3565.46546
  56279.7270649     3408.03093
  56279.7272175     3521.12404
  56279.7273657     3563.07199
  56279.7275184     3515.35666
  56279.7276712     3224.27570
  56279.7278240     3292.99248
  56279.7279721     3636.21917
  56279.7281249     3157.50496
  56279.7282776     3235.22134
  56279.7285785     3475.24087
  56279.7287313     3315.91545
  56279.7288841     3285.38331
  56279.7290369     3364.95258
  56279.7293378     3351.35521
  56279.7294905     3394.59809
  56279.7296432     3273.16215
  56279.7297960     3404.69407
  56279.7299442     3493.80585
  56279.7300969     3402.72759
  56279.7302498     3353.97849
  56279.7303978     3448.38100
  56279.7305506     3369.79850
  56279.7307034     3550.86212
  56279.7308561     3220.56792
  56279.7310043     3427.05663
  56279.7311570     3357.66270
  56279.7313098     3372.32924
  56279.7314626     3391.99988
  56279.7316107     3398.19402
  56279.7317634     3374.67014
  56279.7319162     3386.78460
  56279.7320690     3407.86599
  56279.7322171     3426.41157
  56279.7323699     3341.29619
  56279.7325227     3420.46262
  56279.7326754     3334.15952
  56279.7328236     3378.69023
  56279.7329810     3235.08329
  56279.7331291     3450.02992
  56279.7332818     3134.86208
  56279.7334300     3426.34988
  56279.7335828     3288.12490
  56279.7337355     3426.08154
  56279.7338883     3322.46428
  56279.7341891     3354.09998
  56279.7343420     3353.35584
  56279.7344947     3516.41354
  56279.7346475     3342.42586
  56279.7348002     3409.72328
  56279.7349485     3187.81475
  56279.7351011     3355.32449
  56279.7352492     3490.00067
  56279.7354021     3288.48083
  56279.7355548     3348.46867
  56279.7357076     3346.69742
  56279.7358603     3331.43595
  56279.7360085     3301.09642
  56279.7361613     3329.80782
  56279.7363139     3423.28233
  56279.7364621     3207.56326
  56279.7366148     3381.28808
  56279.7367676     3320.58444
  56279.7369204     3318.00596
  56279.7370685     3263.23994
  56279.7372214     3176.47739
  56279.7373741     3245.75518
  56279.7375270     3510.39283
  56279.7376750     3314.49465
  56279.7378277     3161.80618
  56279.7379805     3452.41157
  56279.7381333     3369.12306
  56279.7382861     3354.61398
  56279.7384342     3463.11032
  56279.7385870     3455.92666
  56279.7387398     3377.74934
  56279.7388879     3325.86482
  56279.7390407     3118.62055
  56279.7391934     3458.52911
  56279.7393462     3297.97908
  56279.7394943     3504.64384
  56279.7396518     3313.29105
  56279.7397998     3304.09481
  56279.7399526     3365.63682
  56279.7401007     3508.27892
  56279.7402534     3388.14561
  56279.7404063     3187.18855
  56279.7405590     3250.19890
  56279.7407072     3463.32070
  56279.7408600     3107.11338
  56279.7410127     3311.82713
  56279.7411655     3411.74419
  56279.7413182     3203.45546
  56279.7414663     3241.64100
  56279.7416191     3483.61350
  56279.7417718     3346.37361
  56279.7419200     3422.92072
  56279.7423784     3490.12793
  56279.7425264     3265.95227
  56279.7426792     3283.63117
  56279.7428320     3357.74643
  56279.7429849     3196.08919
  56279.7431328     3256.92017
  56279.7432856     3417.52083
  56279.7434385     3272.41444
  56279.7435912     3625.55544
  56279.7437393     3275.14027
  56279.7438921     3433.76798
  56279.7440448     3233.71703
  56279.7441976     3323.54081
  56279.7443457     3400.94471
  56279.7445032     3274.55425
  56279.7446513     3197.48335
  56279.7448041     3352.24160
  56279.7449522     3175.69791
  56279.7451049     3443.56707
  56279.7452577     3169.17010
  56279.7454105     3265.31188
  56279.7455633     3410.66542
  56279.7457114     3383.15226
  56279.7458642     3342.05834
  56279.7460170     3102.10518
  56279.7461697     3516.75896
  56279.7463178     3324.61734
  56279.7464706     3555.77363
  56279.7466234     3303.09784
  56279.7467715     3366.34655
  56279.7469243     3182.92035
  56279.7470770     3343.11556
  56279.7472298     3254.83620
  56279.7473780     3237.88924
  56279.7475307     3396.15690
  56279.7476835     3240.02171
  56279.7478362     3290.92093
  56279.7479844     3285.04256
  56279.7481370     3345.74736
  56279.7482899     3365.42316
  56279.7484426     3345.55039
  56279.7485908     3260.69429
  56279.7487436     3367.75492
  56279.7488962     3261.21733
  56279.7490491     3420.66305
  56279.7491972     3251.40217
  56279.7493500     3349.56733
  56279.7495027     3362.28522
  56279.7496556     3285.47129
  56279.7498037     3237.36181
  56279.7499564     3334.31067
  56279.7501091     3370.43065
  56279.7502619     3246.30046
  56279.7504101     3293.54918
  56279.7505628     3145.67314
  56279.7507155     3324.27027
  56279.7508684     3195.12854
  56279.7510164     3328.07545
  56279.7511693     3256.79144
  56279.7513221     3308.47874
  56279.7514747     3297.90825
  56279.7516229     3508.88226
  56279.7517803     3345.33305
  56279.7519285     3385.21308
  56279.7520812     3211.43670
  56279.7522293     3514.71578
  56279.7523868     3317.16996
  56279.7525349     3415.04485
  56279.7528357     3427.18663
  56279.7529885     3313.88023
  56279.7531413     3224.34722
  56279.7532940     3447.23915
  56279.7534468     3380.48658
  56279.7535950     3572.55768
  56279.7537478     3204.61398
  56279.7539005     3403.70410
  56279.7540487     3259.59307
  56279.7542015     3484.11281
  56279.7543541     3414.75970
  56279.7545070     3340.83856
  56279.7546551     3557.87002
  56279.7548078     3486.47662
  56279.7549606     3354.98248
  56279.7551133     3391.33644
  56279.7552615     3526.87747
  56279.7554142     3347.30664
  56279.7555671     3247.63016
  56279.7557198     3364.93715
  56279.7558679     3457.65542
  56279.7560254     3301.49212
  56279.7561734     3286.86364
  56279.7563262     3418.14105
  56279.7564790     3487.51254
  56279.7566272     3320.50713
  56279.7567799     3387.57339
  56279.7569327     3425.99936
  56279.7570808     3509.21155
  56279.7572336     3331.77234
  56279.7573864     3287.31000
  56279.7575391     3281.26793
  56279.7576873     3333.10597
  56279.7578400     3261.66866
  56279.7579928     3408.62820
  56279.7581456     3357.59625
  56279.7582936     3629.39179
  56279.7584511     3096.72292
  56279.7585992     3482.86458
  56279.7587520     3572.04026
  56279.7589047     3406.61448
  56279.7590529     3534.06463
  56279.7592056     3427.49738
  56281.7216411     3430.88301
  56281.7217934     3261.24532
  56281.7219462     3234.42754
  56281.7220944     3343.18402
  56281.7222518     3443.17294
  56281.7223999     3288.40652
  56281.7225526     3155.44124
  56281.7227009     3206.85174
  56281.7228583     3247.94104
  56281.7230062     3288.19782
  56281.7231591     3384.55194
  56281.7233118     3154.75587
  56281.7234600     3285.38538
  56281.7236128     3211.99404
  56281.7237654     3447.38445
  56281.7239137     3247.22565
  56281.7240664     3269.63710
  56281.7242192     3294.33168
  56281.7243719     3260.95934
  56281.7246728     3527.94561
  56281.7248256     3188.29149
  56281.7249783     3290.54818
  56281.7251266     3320.21212
  56281.7252793     3063.72363
  56281.7254320     3333.91908
  56281.7255848     3340.54483
  56281.7257329     3307.91909
  56281.7258858     3202.75739
  56281.7260385     3307.68354
  56281.7261913     3184.47935
  56281.7263441     3356.55312
  56281.7264921     3311.57495
  56281.7266450     3139.81723
  56281.7267976     3288.75620
  56281.7269459     3166.42888
  56281.7270985     3376.41452
  56281.7272513     3506.87934
  56281.7274041     3259.46416
  56281.7275569     3279.25917
  56281.7277050     3259.49407
  56281.7278623     3166.82025
  56281.7280106     3358.63039
  56281.7281632     3308.91095
  56281.7283114     3232.70881
  56281.7284642     3466.53266
  56281.7286170     3339.02411
  56281.7287651     3354.77122
  56281.7289178     3122.83459
  56281.7290707     3292.29622
  56281.7292234     3151.83487
  56281.7293762     3434.19228
  56281.7295243     3351.17783
  56281.7296771     3318.06754
  56281.7298299     3227.13520
  56281.7299872     3384.19129
  56281.7301306     3211.41397
  56281.7302835     3108.04419
  56281.7304362     3249.94815
  56281.7305844     3265.86867
  56281.7307371     3451.45256
  56281.7308899     3267.43232
  56281.7310427     3331.06731
  56281.7311954     3260.97898
  56281.7313436     3260.95368
  56281.7314964     3295.76453
  56281.7316492     3217.68603
  56281.7317973     3198.73440
  56281.7319502     3215.63888
  56281.7321027     3376.62305
  56281.7322555     3246.29310
  56281.7324083     3335.93699
  56281.7325611     3238.78353
  56281.7327093     3171.31904
  56281.7328620     3098.49862
  56281.7330100     3089.96949
  56281.7331629     3065.49830
  56281.7333156     3357.99659
  56281.7334684     3443.45101
  56281.7336165     3157.87068
  56281.7337693     3366.67804
  56281.7339220     3434.23508
  56281.7340748     3374.02165
  56281.7342230     3345.52823
  56281.7343757     3522.05461
  56281.7345285     3237.76544
  56281.7346813     3305.17461
  56281.7348294     3310.72707
  56281.7349822     3021.67177
  56281.7351349     3278.93682
  56281.7352877     3281.21694
  56281.7354405     3154.43181
  56281.7355886     3179.20064
  56281.7357414     3182.32700
  56281.7358942     3216.18466
  56281.7360423     3246.10968
  56281.7361950     3201.23913
  56281.7363479     3282.17298
  56281.7365005     3108.86313
  56281.7366487     3243.90373
  56281.7368015     3237.37631
  56281.7369542     3300.78743
  56281.7371070     3169.83885
  56281.7372550     3337.68658
  56281.7374079     3313.75208
  56281.7375606     3245.79373
  56281.7377135     2990.50715
  56281.7378662     3195.38282
  56281.7380144     3299.18380
  56281.7381671     3508.14629
  56281.7383199     3297.56488
  56281.7386254     3222.86207
  56281.7387736     2994.16984
  56281.7389263     3150.41925
  56281.7390744     3459.02745
  56281.7392318     3242.70124
  56281.7393799     3422.97083
  56281.7395328     3457.60668
  56281.7396855     3248.88126
  56281.7398336     3088.91850
  56281.7399864     3160.62954
  56281.7401391     3246.52516
  56281.7402873     3348.55170
  56281.7404401     3292.99144
  56281.7405929     3279.65814
  56281.7410464     3290.24495
  56281.7411992     3287.51793
  56281.7413520     3349.66936
  56281.7415047     3346.24904
  56281.7416529     3206.48793
  56281.7418057     3403.10945
  56281.7419584     3488.12846
  56281.7421066     3251.10429
  56281.7422594     3185.91986
  56281.7424121     3430.28346
  56281.7425648     3297.99492
  56281.7427176     3232.16259
  56281.7428704     3279.28413
  56281.7430184     3237.39815
  56281.7431713     3401.74685
  56281.7433194     3443.30354
  56281.7434722     3359.75146
  56281.7436250     3031.94632
  56281.7437778     3367.89121
  56281.7439259     3157.68452
  56281.7440786     3232.68443
  56281.7442315     3426.64729
  56281.7443842     3152.41706
  56281.7445369     3398.82200
  56281.7446850     3257.80670
  56281.7448379     3434.29375
  56281.7449906     3263.68076
  56281.7451387     3374.73293
  56281.7452915     3194.01832
  56281.7454443     3164.12481
  56281.7455970     3401.06230
  56281.7457452     3077.26569
  56281.7459026     3342.33948
  56281.7460507     3352.24252
  56281.7462034     3224.22122
  56281.7463517     3240.39693
  56281.7465043     3232.23152
  56281.7466571     3369.20251
  56281.7468099     3273.92822
  56281.7469626     3218.93303
  56281.7471108     3225.97480
  56281.7472635     3204.86531
  56281.7474163     3437.48281
  56281.7475690     3285.04335
  56281.7477219     3496.55496
  56281.7478700     3253.06800
  56281.7480227     3232.97839
  56281.7481709     3525.17604
  56281.7483236     3413.63703
  56281.7484764     3381.83792
  56281.7486292     3181.74711
  56281.7487774     3293.66552
  56281.7489301     3266.19016
  56281.7490828     3499.28878
  56281.7492357     3335.90019
  56281.7493838     3355.82013
  56281.7495412     3357.10774
  56281.7496893     3145.87899
  56281.7498420     3366.97382
  56281.7499902     3131.64365
  56281.7501430     3488.16218
  56281.7502958     3264.46807
  56281.7504485     3173.73239
  56281.7506012     3456.74779
  56281.7507494     3290.88079
  56281.7509022     3237.61589
  56281.7510550     3394.08415
  56281.7512031     3262.50545
  56281.7513559     3427.43197
  56281.7515132     3371.42569
  56281.7516613     3275.51136
  56281.7518095     3434.11949
  56281.7519622     3410.05929
  56281.7521150     3227.69565
  56281.7522678     3279.84855
  56281.7524158     3366.88495
  56281.7525687     3331.29277
  56281.7527214     3429.79037
  56281.7528742     3320.13463
  56281.7530223     3395.47819
  56281.7531798     3428.88670
  56281.7533279     3353.83922
  56281.7534806     3466.42374
  56281.7536334     3314.85071
  56281.7537814     3258.26914
  56281.7539343     3313.40822
  56281.7540870     3358.49918
  56281.7542353     3313.02615
  56281.7543880     3296.28591
  56281.7545407     3534.52350
  56281.7546934     3282.88092
  56281.7548415     3146.25982
  56281.7549945     3287.25004
  56281.7551472     3403.05418
  56281.7553000     3472.52442
  56281.7554480     3387.32640
  56281.7556008     3485.22175
  56281.7557536     3512.21886
  56281.7559063     3125.48750
  56281.7560545     3301.29380
  56281.7562118     3641.94107
  56281.7563601     3385.41334
  56281.7566655     3321.48592
  56281.7568137     3280.53933
  56281.7569664     3302.89990
  56281.7571192     3331.47093
  56281.7572673     3379.48033
  56281.7574202     3246.80999
  56281.7575729     3350.99948
  56281.7577256     3252.95799
  56281.7578737     3373.39038
  56281.7580265     3390.19351
  56281.7581794     3405.45207
  56281.7583320     3364.39575
  56281.7584802     3231.87557
  56281.7586330     3341.91757
  56281.7587857     3352.06906
  56281.7589385     3367.48949
  56281.7590866     3366.90818
  56281.7592395     3620.12412
  56281.7593921     3309.88823
  56281.7595449     3406.50534
  56281.7596977     3441.15984
  56281.7598458     3440.89115
  56281.7599986     3346.74597
  56281.7601513     3379.68397
  56281.7602995     3318.29882
  56281.7604523     3489.97781
  56281.7606050     3271.82719
  56281.7607578     3379.34706
  56281.7609059     3455.59604
  56281.7610587     3357.50129
  56281.7612115     3330.89274
  56281.7613642     3715.31290
  56281.7615123     3287.50290
  56281.7616651     3170.06838
  56281.7618179     3282.66624
  56281.7619706     3209.68847
  56281.7621188     3332.29353
  56281.7622762     3483.78503
  56281.7624243     3359.66240
  56281.7625771     3702.16315
  56281.7627298     3294.39303
  56281.7628780     3410.74575
  56281.7630307     3592.54020
  56281.7631834     3230.21214
  56281.7633317     3426.12382
  56281.7634844     3625.49279
  56281.7636372     3462.81412
  56281.7637898     3369.86036
  56281.7639427     3397.34398
  56281.7640908     3184.08451
  56281.7643964     3206.72877
  56281.7645445     3278.92529
  56281.7647020     3438.17556
  56281.7648501     3395.12886
  56281.7650029     3383.65957
  56281.7651555     3365.24759
  56281.7653036     3358.03952
  56281.7654565     3550.84338
  56281.7656092     3488.51875
  56281.7657620     3299.02620
  56281.7659101     3294.13149
  56281.7660629     3392.92723
  56281.7662156     3427.53119
  56281.7665165     3548.81526
  56281.7666693     3514.31767
  56281.7668222     3519.61133
  56281.7669701     3150.11620
  56281.7671230     3486.40305
  56281.7672757     3510.21236
  56281.7674285     3215.51669
  56281.7675767     3381.48194
  56281.7677294     3286.81175
  56281.7678822     3389.78584
  56281.7680350     3463.77963
  56281.7681831     3295.58478
  56281.7683358     3535.09461
  56281.7684886     3436.98555
  56281.7686413     3582.14587
  56281.7687941     3117.86478
  56281.7689423     3176.13415
  56281.7690950     3278.43959
  56281.7692478     3355.82734
  56281.7693959     3372.70395
  56281.7695487     3476.68110
  56281.7697015     3371.52874
  56281.7698543     3576.73126
  56281.7700024     3334.50885
  56281.7701551     3465.19442
  56281.7703079     3394.74008
  56281.7704606     3435.52883
  56281.7706089     3545.34393
  56281.7707616     3361.30069
  56281.7709143     3351.76991
  56281.7712152     3551.29687
  56281.7713681     3206.26815
  56281.7715207     3585.49417
  56281.7716736     3454.21804
  56281.7718262     3505.49884
  56281.7719744     3448.63172
  56281.7721273     3614.93878
  56281.7722799     3256.32811
  56281.7724281     3220.54132
  56281.7725855     3346.74913
  56281.7728864     3789.87219
  56281.7730391     3648.62448
  56281.7731873     3423.51085
  56281.7733400     3497.10605
  56281.7734929     3534.73700
  56281.7736410     3190.03796
  56281.7737936     3479.75764
  56281.7739465     3538.10616
  56281.7740993     3480.74367
  56281.7742474     3326.34928
  56281.7744001     3683.98520
  56281.7745530     3550.90079
  56281.7747057     3424.43347
  56281.7748585     3350.81946
  56281.7750112     3535.41979
  56281.7751594     3282.73026
  56281.7753121     3502.96901
  56281.7754695     3607.79273
  56281.7756131     3329.00598
  56281.7757658     3443.69224
  56281.7759184     3398.95245
  56281.7760713     3499.67806
  56281.7762194     3422.51941
  56281.7763722     3374.48201
  56281.7765250     3508.19468
  56281.7766731     3392.94003
  56281.7768259     3533.79517
  56281.7769786     3350.21187
  56281.7771314     3292.61523
  56281.7772795     3150.71554
  56281.7775851     3484.51513
  56281.7777378     3534.82883
  56281.7778906     3412.21653
  56281.7780387     3392.51226
  56281.7781915     3415.52508
  56281.7783443     3447.20299
  56281.7784925     3268.26581
  56281.7786452     3266.86447
  56281.7787979     3321.61196
  56281.7789507     3448.78144
  56281.7790988     3125.06627
  56281.7792516     3347.79677
  56281.7794044     3486.20316
  56281.7795572     3299.73822
  56281.7797053     3371.73246
  56281.7798627     3526.66757
  56281.7800108     3497.56043
  56281.7801636     3448.08621
  56281.7803117     3337.53555
  56281.7804644     3463.63588
  56281.7806172     3488.10427
  56281.7807700     3591.68629
  56281.7809226     3490.70848
  56281.7810755     3203.79875
  56281.7812236     3321.95548
  56281.7813765     3338.98357
  56281.7815245     3322.51506
  56281.7816820     3495.43284
  56281.7818301     3394.83180
  56281.7819829     3514.94994
  56281.7821310     3355.04259
  56281.7822838     3413.21625
  56281.7824412     3427.76504
  56281.7825893     3222.03545
  56281.7827420     3544.42074
  56281.7828948     3541.22963
  56281.7830429     3517.10157
  56281.7831957     3478.23296
  56281.7833438     3466.64972
  56281.7834966     3293.60330
  56281.7836494     3592.98382
  56281.7838021     3246.92195
  56281.7839549     3221.76484
  56281.7842559     3237.12955
  56281.7844085     3468.01882
  56281.7845567     3338.82072
  56281.7847095     3238.77599
  56281.7848622     3403.18281
  56281.7850150     3276.90521
  56281.7851631     3214.69984
  56281.7853159     3513.68181
  56281.7856214     3244.09696
  56281.7857695     3467.81516
  56281.7859223     3262.97118
  56281.7860752     3321.74286
  56281.7862324     3472.76270
  56281.7863760     3239.91367
  56281.7865287     3564.83637
  56281.7866815     3129.67968
  56281.7869871     3391.52540
  56281.7871353     3298.70159
  56281.7872879     3249.89893
  56281.7874408     3227.00736
  56281.7875889     3187.31515
  56281.7877416     3204.36296
  56281.7878944     3402.17685
  56281.7880472     3263.88704
  56281.7881999     3156.11577
  56281.7883480     3192.07034
  56281.7885008     3242.56746
  56281.7886536     3176.83459
  56281.7888017     3366.03473
  56281.7889545     3136.01669
  56281.7891073     3447.91273
  56281.7892599     3224.85745
  56281.7894081     3006.51764
  56281.7895609     3283.48349
  56281.7897137     3609.79673
  56281.7898664     3161.53792
  56281.7900192     3395.78158
  56281.7901673     3193.22027
  56281.7903200     3293.62649
  56281.7904729     3369.74181
  56281.7906209     3109.95447
  56281.7907738     3381.63556
  56281.7909265     3263.11054
  56281.7910793     3240.91910
  56281.7912275     3244.83199
  56281.7913849     3490.63617
  56281.7915330     3345.31129
  56281.7916857     3228.40179
  56281.7918339     3102.02495
  56281.7919866     3306.98349
  56281.7921394     3298.04341
  56281.7922922     3088.86815
  56281.7924404     3261.65030
  56281.7925931     3166.26839
  56281.7927458     3203.56629
  56281.7928986     3286.93782
  56281.7930514     3184.47588
  56281.7931995     3180.96268
  56281.7933523     3263.28958
  56281.7935049     3196.68507
  56281.7936532     3018.50205
  56281.7938059     3131.00345
  56281.7939587     3132.32617
  56281.7941114     3505.74174
  56281.7942596     3106.75826
  56281.7944124     3210.28826
  56281.7945651     3342.25520
  56281.7947179     3232.73551
  56281.7948659     3100.87471
  56281.7950188     3221.12725
  56281.7951715     3455.93208
  56281.7953243     3235.39117
  56281.7954724     3208.89528
  56281.7957780     3112.80471
  56281.7959307     3331.55261
  56281.7960836     3441.01059
  56281.7962316     3336.68736
  56281.7963845     3212.45430
  56281.7965372     3353.44538
  56281.7966854     3293.46340
  56281.7968427     3351.57177
  56281.7969955     3250.62096
  56281.7971436     3153.31492
  56281.7972917     3177.91901
  56281.7974445     3283.63569
  56281.7975973     3378.35811
  56281.7977499     3160.25699
  56281.7978983     3243.04343
  56281.7980509     3296.81694
  56281.7982038     3271.87630
  56281.7983565     3253.04870
  56281.7985046     3258.31001
  56281.7986573     3349.91002
  56281.7988101     3112.80506
  56281.7989629     3092.02109
  56281.7991157     3211.59761
  56281.7992639     3151.27022
  56281.7994165     3411.30738
  56281.7995694     3204.73731
  56281.7997174     3495.20151
  56281.7998702     3322.21830
  56281.8000230     3148.14116
  56281.8001757     3400.18564
  56281.8003240     3056.51788
  56281.8004766     3176.62464
  56281.8006295     3245.87197
  56281.8007822     3116.14241
  56281.8009349     3076.29151
  56281.8010831     3140.89394
  56281.8012359     3322.91786
  56281.8013887     3288.60267
  56281.8015368     3055.12887
  56281.8016941     3561.68881
  56281.8018422     3001.56777
  56281.8021478     3193.68916
  56281.8023006     3181.18277
  56281.8024488     3209.05762
  56281.8026015     3202.29332
  56281.8027495     3080.55526
  56281.8029025     3574.26167
  56281.8030551     3589.08014
  56281.8032079     3244.62361
  56281.8033560     3368.49701
  56281.8035088     3251.51274
  56281.8036615     3245.87172
  56281.8038143     3369.03355
  56281.8039625     3322.11145
  56281.8041152     3321.72295
  56281.8042680     3424.77111
  56281.8044207     3614.16807
  56281.8045690     3327.53225
  56281.8047217     3392.87926
  56281.8048744     3217.79859
  56281.8050272     3353.51856
  56281.8051799     3202.84248
  56281.8053281     3229.77937
  56281.8054809     3385.31471
  56281.8056337     3156.17695
  56281.8057818     3348.22663
  56281.8059392     3439.21063
  56281.8060873     3146.33794
  56281.8062400     3531.27515
  56281.8063929     3409.27754
  56281.8065409     3342.14351
  56281.8066938     3225.56377
  56281.8068465     3308.26393
  56281.8069945     3310.86829
  56281.8071474     3484.29390
  56281.8073001     3086.18794
  56281.8074529     3266.91451
  56281.8076010     3226.07776
  56281.8077585     3473.93090
  56281.8079066     3338.91368
  56281.8080593     3313.23665
  56281.8082121     3479.32579
  56281.8083602     3352.54546
  56281.8085130     3398.27479
  56281.8086658     3318.25806
  56281.8088185     3547.51188
  56281.8089667     3307.55189
  56281.8091194     3390.70820
  56281.8092723     3184.67797
  56281.8094250     3425.15492
  56281.8097259     3169.59609
  56281.8098787     3103.16832
  56281.8100269     3410.28083
  56281.8101842     3461.05011
  56281.8103324     3193.05126
  56281.8104851     3334.84319
  56281.8106378     3362.83660
  56281.8107859     3354.78561
  56281.8109388     3166.37606
  56281.8110915     3257.57952
  56281.8112443     3432.13782
  56281.8113924     3519.20244
  56281.8115452     3564.93748
  56281.8116979     3288.57712
  56281.8118462     3282.86717
  56281.8119989     3338.22727
  56281.8121515     3344.67619
  56281.8123043     3369.58737
  56281.8124524     3421.70156
  56281.8126053     3334.56092
  56281.8127581     3451.59919
  56281.8129108     3289.29802
  56281.8130589     3343.05415
  56281.8132117     3189.14332
  56281.8133646     3488.12881
  56281.8135173     3521.28511
  56281.8136654     3249.15023
  56281.8138181     3287.23279
  56281.8139756     3646.52997
  56281.8141236     3171.56675
  56281.8142764     3245.00822
  56281.8144246     3225.52622
  56281.8145773     3409.38027
  56281.8147302     3338.05789
  56281.8148829     3355.70936
  56281.8150311     3116.06399
  56281.8151838     3393.99912
  56281.8153365     3382.15623
  56281.8154892     3544.71142
  56281.8156374     3328.40762
  56281.8157903     3515.10921
  56281.8159429     3548.46751
  56281.8160910     3175.55123
  56281.8162439     3257.69521
  56281.8163966     3431.34946
  56281.8165494     3339.39093
  56281.8166975     3270.29475
  56281.8168503     3365.43972
  56281.8170030     3406.74907
  56281.8171558     3379.31419
  56281.8173085     3470.15117
  56281.8174567     3252.59524
  56281.8176094     3371.49796
  56281.8177622     3345.72389
  56281.8179104     3374.57517
  56281.8180631     3411.66192
  56281.8182159     3448.76491
  56281.8183687     3406.71410
  56281.8185214     3427.51294
  56281.8186696     3252.84647
  56281.8188223     3321.86465
  56281.8189751     3477.90480
  56281.8191278     3472.86062
  56281.8192759     3095.89884
  56281.8194288     3386.12619
  56281.8195815     3305.17991
  56281.8197297     3204.23441
  56281.8198825     3505.36145
  56281.8200353     3533.49757
  56281.8201880     3173.03899
  56281.8203407     3250.76478
  56281.8204889     3387.01792
  56281.8206416     3440.11980
  56281.8207944     3464.00465
  56281.8209517     3679.11175
  56281.8210954     3382.71225
  56281.8212480     3643.52605
  56281.8214008     3427.05543
  56281.8215536     3359.38744
  56281.8217017     3507.28408
  56281.8218592     3618.05704
  56281.8220073     3454.88679
  56281.8221599     3235.55356
  56281.8223128     3536.50176
  56281.8224609     3259.16723
  56281.8226137     3401.62079
  56281.8227664     3423.33747
  56281.8229145     3220.73464
  56281.8230674     3356.13308
  56281.8232201     3421.77938
  56281.8233729     3383.09518
  56281.8235210     3354.02858
  56281.8236738     3357.45651
  56281.8238265     3540.41634
  56281.8239748     3467.54842
  56281.8241275     3600.48420
  56281.8242802     3356.00057
  56281.8244331     3485.31343
  56281.8245856     3503.78180
  56281.8247338     3356.88989
  56281.8248913     3418.88564
  56281.8250393     3288.80292
  56281.8251922     3485.05526
  56281.8253403     3418.92856
  56281.8254932     3472.51514
  56281.8256458     3542.46263
  56281.8257986     3328.31621
  56281.8259513     3352.66220
  56281.8260994     3281.50879
  56281.8262522     3705.80750
  56281.8264050     3244.55608
  56281.8265532     3430.74685
  56281.8267059     3331.24574
  56281.8268587     3362.78474
  56281.8270068     3359.79304
  56281.8271596     3313.03790
  56281.8273170     3495.67044
  56281.8274651     3250.01930
  56281.8276180     3369.88206
  56281.8277660     3340.16033
  56281.8279187     3354.80034
  56281.8280716     3491.61978
  56281.8282243     3094.43471
  56281.8283724     3558.71931
  56281.8285252     3550.61294
  56281.8286780     3322.25685
  56281.8288308     3386.21541
  56281.8289789     3302.23134
  56281.8291317     3483.80171
  56281.8292844     3416.11312
  56281.8294372     3450.82332
  56281.8295853     3387.40301
  56281.8297382     3542.19815
  56281.8298908     3503.23620
  56281.8300436     3547.27471
  56281.8301917     3343.33141
  56281.8303445     3385.29932
  56281.8304973     3528.23722
  56281.8306500     3562.42930
  56281.8307981     3429.48063
  56281.8309509     3417.08475
  56281.8311037     3589.70565
  56281.8312565     3595.14763
  56281.8314046     3323.61493
  56281.8315574     3428.75937
  56281.8317148     3711.09036
  56281.8318629     3504.65608
  56281.8320110     3309.71507
  56281.8321638     3446.72133
  56281.8323166     3440.75954
  56281.8324693     3369.15355
  56281.8326221     3324.73270
  56281.8327702     3342.09035
  56281.8329230     3371.25897
  56281.8330758     3268.87809
  56281.8332239     3384.01820
  56281.8333767     3389.66062
  56281.8335295     3638.91386
  56281.8336822     3474.96848
  56281.8338304     3457.92190
  56281.8339832     3380.47067
  56281.8341359     3524.60326
  56281.8342885     3454.05132
  56281.8344413     3424.77931
  56281.8345894     3612.67542
  56281.8347424     3505.61143
  56281.8348950     3462.68583
  56281.8350479     3369.07089
  56281.8351960     3454.12233
  56281.8353487     3288.21003
  56281.8355015     3317.30874
  56281.8356496     3190.34790
  56281.8358024     3333.34098
  56281.8359552     3317.32597
  56281.8361079     3228.51274
  56281.8362561     3402.20833
  56281.8364088     3294.15347
  56281.8365617     3511.80171
  56281.8367143     3217.00896
  56281.8368625     3532.18201
  56281.8370152     3333.07521
  56281.8371680     3334.43687
  56281.8373208     3389.87657
  56281.8374688     3417.09558
  56281.8376218     3694.75077
  56281.8377745     3385.45881
  56281.8379272     3337.56396
  56281.8380753     3535.23270
  56281.8382282     3219.75251
  56281.8383808     3278.43414
  56281.9027369     3262.69674
  56281.9028893     3475.47056
  56281.9030422     3179.54014
  56281.9031949     3403.97068
  56281.9033430     3350.70367
  56281.9034958     3270.26775
  56281.9036485     3502.07277
  56281.9038014     3401.27092
  56281.9039494     3519.39127
  56281.9041023     3475.03881
  56281.9042550     3266.90547
  56281.9044077     3525.70818
  56281.9045559     3520.46724
  56281.9047086     3335.97680
  56281.9048615     3446.98086
  56281.9050142     3191.35772
  56281.9051623     3274.03634
  56281.9053198     3172.53894
  56281.9054678     3286.66373
  56281.9056206     3309.36306
  56281.9057687     3555.04647
  56281.9059216     3501.58887
  56281.9060742     3282.73002
  56281.9062269     3167.80803
  56281.9063752     3407.72127
  56281.9065325     3051.60542
  56281.9066807     3197.91542
  56281.9069816     3536.50301
  56281.9071344     3148.24890
  56281.9072872     3204.61502
  56281.9074398     3277.34811
  56281.9075881     3369.11476
  56281.9077408     3543.82564
  56281.9078935     3258.52770
  56281.9080464     3395.35162
  56281.9081990     3473.44116
  56281.9083472     3416.56796
  56281.9085000     3349.71539
  56281.9086527     3159.15080
  56281.9088009     3345.13046
  56281.9089536     2990.90577
  56281.9091065     3237.21646
  56281.9092591     3324.92353
  56281.9094074     3355.07049
  56281.9095647     3167.15388
  56281.9097127     3371.60802
  56281.9098656     3219.39472
  56281.9100137     3266.26094
  56281.9101712     3267.21977
  56281.9103193     3265.89862
  56281.9104721     3366.16363
  56281.9106201     3216.93798
  56281.9107730     3186.66416
  56281.9109258     3066.35498
  56281.9110784     3338.70824
  56281.9112266     3130.65173
  56281.9113794     3336.61323
  56281.9115321     3212.24732
  56281.9116849     3333.27684
  56281.9118330     3142.23045
  56281.9119858     3317.17962
  56281.9121385     3382.36219
  56281.9122913     3332.36429
  56281.9124395     3327.82251
  56281.9125922     3351.25870
  56281.9127450     3151.69369
  56281.9128978     3550.70333
  56281.9130459     3291.78646
  56281.9131986     3253.84675
  56281.9133514     3203.09768
  56281.9135042     3409.70069
  56281.9136524     3263.09546
  56281.9138097     3319.32311
  56281.9139578     3449.19803
  56281.9141106     3146.56518
  56281.9142587     3057.07298
  56281.9144116     3455.30571
  56281.9145643     3112.50132
  56281.9147169     3310.90667
  56281.9148652     3176.12422
  56281.9150178     3239.52955
  56281.9151707     3353.34553
  56281.9153235     3294.84045
  56281.9154716     3066.84792
  56281.9157772     3479.25274
  56281.9159300     3506.87452
  56281.9160826     3344.81014
  56281.9162308     3514.02463
  56281.9163836     3353.24640
  56281.9165364     3229.90643
  56281.9166891     3183.21748
  56281.9168372     3121.49808
  56281.9169900     3199.51895
  56281.9171427     3131.10686
  56281.9172956     3316.89151
  56281.9174483     3180.41217
  56281.9175964     3326.73002
  56281.9177492     3169.42609
  56281.9178973     3276.77911
  56281.9180501     3432.31867
  56281.9182029     3391.51332
  56281.9183556     3253.63395
  56281.9185038     3306.54626
  56281.9186566     3426.26743
  56281.9188093     3252.60189
  56281.9189620     3251.50642
  56281.9191102     3241.09268
  56281.9192630     3425.75727
  56281.9194158     3249.90517
  56281.9195685     3266.86538
  56281.9197167     3202.19976
  56281.9198695     3172.18311
  56281.9200221     3397.89148
  56281.9201750     3308.06138
  56281.9203230     3303.52808
  56281.9204758     3216.16431
  56281.9206286     3252.13095
  56281.9207813     3423.56683
  56281.9209295     3501.08745
  56281.9210822     3321.51051
  56281.9212350     3406.55352
  56281.9213878     3314.45436
  56281.9215359     3274.58103
  56281.9216887     3119.12165
  56281.9218414     3176.85345
  56281.9219943     3300.94714
  56281.9221423     3516.94542
  56281.9222951     3287.24759
  56281.9224479     3333.92251
  56281.9226006     3295.71197
  56281.9227488     3389.09998
  56281.9229015     3286.84499
  56281.9230544     3351.19679
  56281.9232071     3260.17372
  56281.9233552     3411.12871
  56281.9235080     3325.36583
  56281.9236608     3258.34370
  56281.9238135     3353.18357
  56281.9239616     3427.84736
  56281.9241144     3513.55280
  56281.9242672     3279.39063
  56281.9244200     3655.69677
  56281.9245681     3275.95127
  56281.9247208     3441.78546
  56281.9248737     3246.75602
  56281.9250264     3434.27793
  56281.9251746     3265.47003
  56281.9253273     3255.88451
  56281.9254801     3272.48363
  56281.9256328     3344.54343
  56281.9257809     3321.50841
  56281.9259337     3388.30714
  56281.9260864     3204.18465
  56281.9262393     3396.82824
  56281.9263873     3389.01718
  56281.9265402     3351.52703
  56281.9266929     3397.08473
  56281.9268456     3170.19967
  56281.9269938     3349.02512
  56281.9271465     3336.87185
  56281.9272994     3312.96208
  56281.9274521     3225.09977
  56281.9276001     3505.95039
  56281.9277530     3358.83877
  56281.9279058     3607.70023
  56281.9280586     3325.49748
  56281.9282067     3413.46953
  56281.9283595     3389.38283
  56281.9285121     3319.80343
  56281.9286649     3343.83912
  56281.9288131     3378.92301
  56281.9289659     3132.14089
  56281.9291187     3382.23210
  56281.9292760     3698.54920
  56281.9294195     3475.71729
  56281.9295723     3382.73790
  56281.9297250     3463.73731
  56281.9298778     3220.86311
  56281.9300259     3349.30853
  56281.9301787     3282.74049
  56281.9303315     3392.34217
  56281.9304843     3520.24224
  56281.9306324     3418.40237
  56281.9307852     3572.65855
  56281.9309379     3219.33396
  56281.9310906     3335.97350
  56281.9312388     3384.86096
  56281.9313916     3396.15495
  56281.9315444     3392.41511
  56281.9316971     3307.84414
  56281.9318453     3352.25399
  56281.9320026     3424.91584
  56281.9321508     3336.89857
  56281.9323036     3578.34179
  56281.9324563     3541.08716
  56281.9326044     3386.35925
  56281.9327572     3292.74018
  56281.9329100     3314.79615
  56281.9330581     3423.19167
  56281.9332155     3176.96016
  56281.9333637     3427.15781
  56281.9335164     3470.58069
  56281.9336646     3551.71002
  56281.9338173     3405.28405
  56281.9339747     3468.03530
  56281.9341228     3455.61698
  56281.9342709     3507.52792
  56281.9344237     3484.32398
  56281.9345765     3508.33912
  56281.9347293     3259.13247
  56281.9348773     3682.56721
  56281.9350302     3340.65496
  56281.9351877     3367.73757
  56281.9353356     3353.65401
  56281.9354885     3439.94902
  56281.9356366     3544.80376
  56281.9357893     3389.37648
  56281.9359421     3535.00922
  56281.9360949     3646.00451
  56281.9362430     3497.22160
  56281.9363958     3300.20632
  56281.9365486     3502.96639
  56281.9366967     3478.37495
  56281.9368494     3603.08528
  56281.9370022     3452.37123
  56281.9371550     3483.84166
  56281.9373078     3420.62376
  56281.9374559     3458.14226
  56281.9376087     3496.51983
  56281.9377615     3353.38373
  56281.9379096     3352.36246
  56281.9380623     3320.30350
  56281.9382151     3386.40508
  56281.9383678     3409.45700
  56281.9385207     3601.63975
  56281.9386688     3399.63249
  56281.9388216     3472.60067
  56281.9389742     3583.00581
  56281.9391225     3375.63988
  56281.9392752     3563.22296
  56281.9394279     3537.22010
  56281.9395808     3428.40354
  56281.9397288     3679.62528
  56281.9398816     3353.69137
  56281.9400391     3462.33029
  56281.9401870     3511.70224
  56281.9403353     3488.45851
  56281.9404880     3445.63450
  56281.9406408     3499.36996
  56281.9407936     3604.89484
  56281.9409416     3623.67454
  56281.9410945     3391.08629
  56281.9412472     3589.57875
  56281.9415527     3457.11459
  56281.9417008     3659.63309
  56281.9418537     3455.86570
  56281.9420064     3515.31473
  56281.9421546     3294.88260
  56281.9423073     3477.15596
  56281.9424602     3347.36527
  56281.9426128     3275.65977
  56281.9427655     3443.55426
  56281.9429137     3430.17936
  56281.9430665     3468.34716
  56281.9432193     3489.44580
  56281.9433674     3738.53410
  56281.9435248     3507.40376
  56281.9436729     3405.35140
  56281.9438256     3439.58749
  56281.9439785     3472.95928
  56281.9441266     3320.99297
  56281.9442795     3421.57718
  56281.9444322     3419.98024
  56281.9445848     3459.30460
  56281.9447331     3375.51441
  56281.9448858     3370.82353
  56281.9450432     3451.37174
  56281.9451867     3193.88620
  56281.9453394     3528.49106
  56281.9454923     3425.88330
  56281.9456450     3419.65864
  56281.9457931     3294.54341
  56281.9459459     3447.85945
  56281.9460988     3462.88338
  56281.9462514     3674.01753
  56281.9463996     3351.56421
  56281.9465523     3441.99744
  56281.9467051     3647.78431
  56281.9468579     3141.32935
  56281.9470107     3381.61227
  56281.9471588     3532.98659
  56281.9473116     3427.01713
  56281.9474642     3412.48385
  56281.9476171     3495.94719
  56281.9477651     3473.50122
  56281.9479180     3416.04142
  56281.9480707     3376.98903
  56281.9482188     3559.64589
  56281.9483717     3382.79203
  56281.9485244     3328.00542
  56281.9488253     3270.48451
  56281.9489826     3402.86205
  56281.9491309     3460.26858
  56281.9492836     3143.73572
  56281.9494364     3214.73385
  56281.9495845     3538.18409
  56281.9497373     3489.86040
  56281.9498900     3617.85415
  56281.9500381     3392.74289
  56281.9501909     3434.07046
  56281.9503437     3344.49164
  56281.9504965     3613.91044
  56281.9506492     3232.57685
  56281.9508020     3269.37813
  56281.9509501     3326.71985
  56281.9511028     3424.98629
  56281.9512557     3511.03693
  56281.9514038     3576.28637
  56281.9515566     3390.54790
  56281.9517094     3363.53109
  56281.9518574     3729.55175
  56281.9520103     3561.97756
  56281.9521630     3291.54413
  56281.9523158     3542.05801
  56281.9524685     3387.89392
  56281.9526166     3481.75507
  56281.9527695     3418.22875
  56281.9529222     3465.05663
  56281.9530704     3360.57688
  56281.9532231     3406.35271
  56281.9533759     3599.63025
  56281.9535286     3159.80966
  56281.9536814     3397.88387
  56281.9538342     3385.76631
  56281.9539823     3450.23316
  56281.9541351     3583.67997
  56281.9542832     3383.20899
  56281.9544360     3468.45456
  56281.9545887     3451.06530
  56281.9547414     3398.34258
  56281.9550423     3469.00186
  56281.9551952     3425.85753
  56281.9553479     3529.11308
  56281.9554961     3372.97881
  56281.9556488     3565.61484
  56281.9558016     3306.97093
  56281.9559544     3476.74193
  56281.9561024     3446.09427
  56281.9562598     3387.73072
  56281.9564080     3381.85841
  56281.9565607     3418.73019
  56281.9567136     3322.52593
  56281.9568616     3457.72171
  56281.9570190     3440.36686
  56281.9571672     3292.46089
  56281.9573152     3477.39000
  56281.9574728     3369.18254
  56281.9577736     3288.00695
  56281.9579217     3598.50470
  56281.9580745     3361.77801
  56281.9582273     3473.42718
  56281.9583801     3249.18081
  56281.9585282     3424.91283
  56281.9586809     3531.82909
  56281.9588337     3378.80773
  56281.9589864     3307.69955
  56281.9591393     3448.67201
  56281.9592874     3432.29085
  56281.9594401     3400.36210
  56281.9595929     3442.11185
  56281.9597456     3202.62899
  56281.9598985     3337.98151
  56281.9601994     3367.09529
  56281.9603475     3366.16891
  56281.9605001     3215.73752
  56281.9606530     3144.81703
  56281.9608058     3363.95577
  56281.9609539     3537.26748
  56281.9611067     3309.90927
  56285.7592548     3639.23903
  56285.7594120     3701.22818
  56285.7595600     3386.69063
  56285.7597128     3353.34088
  56285.7598609     3677.10615
  56285.7600137     3416.21424
  56285.7601665     3545.04169
  56285.7603192     3664.60405
  56285.7604675     3677.47471
  56285.7606202     3674.79589
  56285.7607729     3466.34319
  56285.7609257     3662.60708
  56285.7610784     3478.43706
  56285.7612266     3703.89214
  56285.7613793     3590.43719
  56285.7615321     3488.22538
  56285.7616849     3438.03778
  56285.7618330     3618.48830
  56285.7619858     3605.32736
  56285.7621386     3469.84046
  56285.7622867     3516.31606
  56285.7624394     3427.25168
  56285.7625922     3556.66957
  56285.7627450     3570.44544
  56285.7628977     3503.36797
  56285.7630458     3740.31992
  56285.7631985     3456.84543
  56285.7633560     3581.07618
  56285.7634995     3606.78035
  56285.7636522     3603.50148
  56285.7638051     3526.20706
  56285.7639578     3775.65169
  56285.7641106     3468.90382
  56285.7642587     3670.76075
  56285.7644115     3582.86501
  56285.7645643     3530.22825
  56285.7647123     3517.37451
  56285.7648652     3492.46860
  56285.7650179     3308.39929
  56285.7651707     3544.25960
  56285.7653187     3562.58221
  56285.7654716     3543.97112
  56285.7656244     3314.84828
  56285.7657770     3588.17065
  56285.7659253     3635.79746
  56285.7660780     3448.69708
  56285.7662308     3503.11719
  56285.7663835     3606.97083
  56285.7665317     3722.07094
  56285.7666845     3630.07210
  56285.7668371     3483.70270
  56285.7669899     3595.49263
  56285.7671427     3526.69031
  56285.7672909     3577.04743
  56285.7674436     3598.33223
  56285.7675964     3502.55090
  56285.7677445     3373.57279
  56285.7678973     3711.65359
  56285.7680501     3477.93909
  56285.7682028     3578.80601
  56285.7683556     3571.83427
  56285.7685037     3375.37645
  56285.7686565     3465.22234
  56285.7688093     3555.53247
  56285.7689573     3668.88283
  56285.7691102     3397.97013
  56285.7692629     3575.02195
  56285.7694157     3417.37589
  56285.7695638     3491.76987
  56285.7697166     3611.77501
  56285.7698694     3556.50121
  56285.7700221     3453.47891
  56285.7701749     3571.47665
  56285.7703230     3359.57595
  56285.7704757     3655.91970
  56285.7706285     3369.12883
  56285.7707765     3439.56136
  56285.7709294     3555.54849
  56285.7710822     3602.10259
  56285.7712350     3738.15063
  56285.7713831     3539.40024
  56285.7715359     3337.99656
  56285.7716887     3381.25300
  56285.7718414     3518.99202
  56285.7719941     3429.70760
  56285.7721422     3473.85021
  56285.7722950     3582.94954
  56285.7724478     3623.04711
  56285.7725959     3252.91874
  56285.7727487     3590.46400
  56285.7729014     3469.67347
  56285.7730542     3545.10919
  56285.7732070     3585.78610
  56285.7733551     3358.58782
  56285.7735080     3696.34660
  56285.7736606     3465.79152
  56285.7738088     3365.20364
  56285.7739615     3586.01830
  56285.7741189     3395.06855
  56285.7742671     3356.29636
  56285.7744198     3318.52901
  56285.7745680     3498.81762
  56285.7747207     3439.18289
  56285.7748736     3406.04828
  56285.7750216     3492.18596
  56285.7751744     3561.36383
  56285.7753272     3611.65290
  56285.7754799     3624.40278
  56285.7756281     3538.29744
  56285.7757809     3379.96672
  56285.7759336     3526.72984
  56285.7760864     3358.02364
  56285.7762391     3611.51076
  56285.7763872     3437.65914
  56285.7765400     3409.09169
  56285.7766928     3528.59286
  56285.7768409     3551.94076
  56285.7769937     3362.21026
  56285.7771465     3506.58614
  56285.7772993     3446.76090
  56285.7774520     3479.53781
  56285.7776001     3446.72974
  56285.7777529     3479.63643
  56285.7779056     3432.55823
  56285.7780584     3446.00740
  56285.7782066     3430.14484
  56285.7783593     3437.81305
  56285.7785120     3390.08056
  56285.7786649     3387.91955
  56285.7788131     3434.99992
  56285.7789658     3418.53491
  56285.7791186     3452.11137
  56285.7792713     3367.23148
  56285.7794240     3244.99851
  56285.7795722     3638.23682
  56285.7797250     3521.08866
  56285.7798777     3641.84992
  56285.7800258     3341.06105
  56285.7801786     3294.57952
  56285.7803313     3355.77394
  56285.7804841     3576.79704
  56285.7806322     3282.24548
  56285.7807851     3395.67470
  56285.7809377     3466.44334
  56285.7810906     3389.31730
  56285.7812387     3523.03583
  56285.7813962     3582.87165
  56285.7815442     3350.16161
  56285.7816969     3299.45987
  56285.7819979     3448.17141
  56285.7821507     3455.88044
  56285.7823034     3697.66191
  56285.7824515     3326.41081
  56285.7826043     3595.42980
  56285.7827570     3452.29871
  56285.7829098     3531.55537
  56285.7830580     3403.17835
  56285.7832108     3459.00963
  56285.7833635     3480.26885
  56285.7835162     3480.29447
  56285.7836645     3480.39861
  56285.7838171     3495.38339
  56285.7839699     3432.36165
  56285.7841227     3481.15930
  56285.7842709     3379.13459
  56285.7844236     3255.01528
  56285.7845763     3394.34565
  56285.7847292     3378.32970
  56285.7848819     3349.78345
  56285.7850300     3554.01406
  56285.7851828     3430.86928
  56285.7853356     3421.46441
  56285.7854837     3614.45975
  56285.7856365     3368.30198
  56285.7857892     3317.18148
  56285.7860902     3620.55725
  56285.7862475     3276.60151
  56285.7863956     3450.83261
  56285.7865484     3310.06583
  56285.7866965     3441.84859
  56285.7868493     3515.10543
  56285.7870021     3257.86368
  56285.7871548     3388.30736
  56285.7873030     3486.63567
  56285.7874558     3300.07740
  56285.7876084     3269.53818
  56285.7877612     3510.22046
  56285.7879141     3302.15417
  56285.7880622     3189.74059
  56285.7882149     3225.69271
  56285.7883677     3405.01675
  56285.7885158     3294.69633
  56285.7886687     3372.97014
  56285.7888213     3352.30194
  56285.7889742     3473.64839
  56285.7891268     3494.95526
  56285.7892750     3420.35723
  56285.7894279     3398.65436
  56285.7895804     3358.05935
  56285.7897287     3295.50425
  56285.7898861     3409.26492
  56285.7900342     3421.72402
  56285.7901870     3281.78662
  56285.7903397     3522.82070
  56285.7904879     3536.64427
  56285.7906406     3346.95171
  56285.7907934     3400.23158
  56285.7909415     3353.26251
  56285.7910944     3464.05125
  56285.7912470     3396.18420
  56285.7913998     3338.89991
  56285.7915480     3536.55886
  56285.7917007     3395.95001
  56285.7918535     3362.72603
  56285.7920062     3392.91783
  56285.7921544     3390.37068
  56285.7923072     3283.42482
  56285.7924599     3626.01411
  56285.7926128     3403.51794
  56285.7927608     3520.92288
  56285.7929183     3486.12795
  56285.7930663     3545.75244
  56285.7932191     3345.42476
  56285.7933673     3482.50151
  56285.7935200     3179.09959
  56285.7936728     3338.82408
  56285.7938256     3379.75956
  56285.7939738     3475.75200
  56285.7941265     3239.77748
  56285.7944321     3376.77379
  56285.7945801     3549.20455
  56285.7947330     3559.92465
  56285.7948856     3511.90430
  56285.7950384     3520.20681
  56285.7951866     3726.08436
  56285.7953394     3579.81006
  56285.7954921     3266.16147
  56285.7956448     3482.85331
  56285.7959457     3404.47930
  56285.7960986     3475.52786
  56285.7962512     3505.25612
  56285.7963993     3409.03685
  56285.7965522     3546.73799
  56285.7967050     3725.23380
  56285.7968577     3515.84727
  56285.7970058     3483.76967
  56285.7971586     3492.65920
  56285.7973114     3464.99377
  56285.7974641     3386.46824
  56285.7976122     3443.99159
  56285.7977697     3414.19461
  56285.7979179     3339.11864
  56285.7980752     3559.85721
  56285.7982187     3581.13721
  56285.7983715     3537.23860
  56285.7985243     3642.60926
  56285.7986770     3500.75033
  56285.7988251     3723.45890
  56285.7989779     3263.65048
  56285.7991306     3365.68919
  56285.7992834     3283.75854
  56285.7994361     3363.27786
  56285.7995889     3394.05509
  56285.7997371     3574.75815
  56285.7998898     3458.24573
  56285.8000379     3462.50061
  56285.8001908     3478.22327
  56285.8003434     3699.96923
  56285.8004963     3537.36743
  56285.8006443     3365.12468
  56285.8007972     3505.37022
  56285.8009499     3372.96829
  56285.8011026     3370.18265
  56285.8012508     3446.96561
  56285.8014036     3452.92314
  56285.8015564     3495.29472
  56285.8017091     3540.89436
  56285.8018573     3387.88429
  56285.8020101     3400.15529
  56285.8021628     3512.50071
  56285.8023156     3522.93473
  56285.8024636     3589.93272
  56285.8026165     3514.36474
  56285.8027692     3484.59751
  56285.8029220     3474.71296
  56285.8032228     3375.38473
  56285.8033756     3441.09595
  56285.8035283     3704.12495
  56285.8036766     3562.01455
  56285.8038293     3535.01238
  56285.8039821     3488.48230
  56285.8041349     3411.22630
  56285.8042830     3490.13362
  56285.8044357     3595.53673
  56285.8045885     3471.27963
  56285.8047413     3313.36062
  56285.8048894     3570.27141
  56285.8050421     3426.72879
  56285.8051949     3670.20644
  56285.8054959     3555.99304
  56285.8056486     3501.18312
  56285.8058014     3611.70620
  56285.8059542     3471.57139
  56285.8061069     3457.25542
  56285.8062550     3525.67020
  56285.8064078     3508.47874
  56285.8065605     3471.16107
  56285.8067087     3662.74107
  56285.8068614     3424.31582
  56285.8070143     3325.07551
  56285.8071669     3509.36512
  56285.8073150     3471.31148
  56285.8074679     3469.43536
  56285.8076206     3655.36630
  56285.8077734     3708.88494
  56285.8079215     3534.82240
  56285.8080744     3514.87456
  56285.8082271     3526.79322
  56285.8083798     3698.36026
  56285.8085279     3876.04265
  56285.8086853     3362.91290
  56285.8088382     3684.84358
  56285.8089862     3418.30902
  56285.8091343     3379.21811
  56285.8092871     3494.47477
  56285.8094398     3547.48812
  56285.8095928     3379.47572
  56285.8097408     3544.62306
  56285.8098937     3591.37089
  56285.8100463     3493.82905
  56285.8101990     3456.30701
  56285.8103473     3677.93741
  56285.8105000     3464.80991
  56285.8106528     3573.23747
  56285.8108055     3398.04393
  56285.8109537     3388.21442
  56285.8111064     3698.12584
  56285.8112591     3341.23541
  56285.8114120     3447.66557
  56285.8115601     3572.69516
  56285.8117129     3627.46836
  56285.8118656     3600.98415
  56285.8120185     3563.67384
  56285.8121666     3693.74721
  56285.8123193     3587.15483
  56285.8124720     3523.82925
  56285.8126248     3491.89880
  56285.8127730     3706.39883
  56285.8129256     3601.93686
  56285.8130785     3500.88445
  56285.8132313     3536.44739
  56285.8133794     3374.47459
  56285.8135322     3426.90211
  56285.8136849     3574.07955
  56285.8138377     3471.70485
  56285.8139857     3789.22671
  56285.8141386     3470.90091
  56285.8142914     3446.52411
  56285.8145969     3721.70032
  56285.8147450     3707.15835
  56285.8148978     3505.32267
  56285.8151986     3808.79088
  56285.8153515     3688.65663
  56285.8155041     3762.65402
  56285.8156570     3614.54393
  56285.8158050     3651.44124
  56285.8159578     3540.55310
  56285.8161107     3482.52102
  56285.8162634     3428.39469
  56285.8164115     3420.51461
  56285.8165643     3620.35153
  56285.8167171     3602.64755
  56285.8168698     3426.65663
  56285.8170180     3460.31343
  56285.8171707     3442.75976
  56285.8173235     3407.02038
  56285.8174763     3485.52381
  56285.8176243     3687.96312
  56285.8177817     3564.58422
  56285.8179299     3559.58191
  56285.8180826     3355.68216
  56285.8182308     3437.44040
  56285.8183835     3559.76946
  56285.8185363     3641.68019
  56285.8186891     3487.30864
  56285.8188372     3471.83670
  56285.8189900     3588.45639
  56285.8191428     3486.77709
  56285.8192955     3361.72600
  56285.8194437     3652.30671
  56285.8196010     3633.48021
  56285.8197492     3507.60249
  56285.8199019     3615.69416
  56285.8200502     3570.88933
  56285.8202028     3481.41565
  56285.8203557     3400.86627
  56285.8205083     3637.20007
  56285.8206565     3604.83956
  56285.8208093     3719.26603
  56285.8209620     3555.44194
  56285.8211149     3334.00456
  56285.8212630     3474.74483
  56285.8214158     3487.70666
  56285.8215685     3438.02252
  56285.8217212     3678.58107
  56285.8218695     3674.92168
  56285.8220221     3488.88220
  56285.8221750     3709.19451
  56285.8223277     3599.99396
  56285.8224759     3437.85268
  56285.8226286     3510.88558
  56285.8227813     3628.97039
  56285.8230869     3483.20524
  56285.8232350     3676.32344
  56285.8233878     3613.41921
  56285.8235405     3573.45980
  56285.8236887     3429.25961
  56285.8238414     3332.81695
  56285.8239941     3375.56162
  56285.8241469     3583.36575
  56285.8242950     3682.40881
  56285.8244478     3438.26687
  56285.8246006     3358.78008
  56285.8247534     3550.84085
  56285.8249062     3592.74160
  56285.8250542     3522.34223
  56285.8252071     3445.94123
  56285.8253597     3649.21223
  56285.8255080     3479.21039
  56285.8256607     3461.99845
  56285.8258135     3399.30537
  56285.8259662     3401.80040
  56285.8261143     3627.65473
  56285.8264199     3558.64277
  56285.8265726     3420.86440
  56285.8267208     3678.78229
  56285.8268735     3589.43320
  56285.8270264     3511.31569
  56285.8271791     3632.82235
  56285.8273273     3736.04713
  56285.8274800     3632.14374
  56285.8276327     3234.16394
  56285.8277855     3385.75827
  56285.8279383     3432.90665
  56285.8280865     3582.45363
  56285.8282391     3374.22151
  56285.8283920     3381.92499
  56285.8285401     3535.96680
  56285.8286929     3462.80472
  56285.8288456     3348.88356
  56285.8289983     3387.99859
  56285.8291466     3366.68373
  56285.8293040     3431.96111
  56285.8294520     3429.65638
  56285.8296049     3435.68903
  56285.8297529     3555.83176
  56285.8300585     3535.35266
  56285.8302112     3381.03120
  56285.8303640     3485.44726
  56285.8305121     3468.95558
  56285.8306650     3569.01107
  56285.8308176     3443.45859
  56285.8309659     3557.10085
  56285.8311186     3424.72855
  56285.8312713     3352.58026
  56285.8314241     3433.79166
  56285.8317250     3574.64559
  56285.8318777     3480.68950
  56285.8320305     3529.04084
  56285.8321787     3488.06837
  56285.8323314     3423.29511
  56285.8324842     3314.51051
  56285.8326369     3463.79986
  56285.8327852     3318.38565
  56285.8329379     3479.17176
  56285.8330905     3539.78984
  56285.8332434     3424.23508
  56285.8333915     3670.81220
  56285.8335443     3438.22451
  56285.8336971     3422.40484
  56285.8338498     3487.79991
  56285.8339979     3501.17907
  56285.8341553     3481.11457
  56285.8343035     3451.27381
  56285.8344563     3503.46990
  56285.8346043     3450.12764
  56285.8347572     3586.69870
  56285.8349099     3596.92838
  56285.8350627     3746.50716
  56285.8352154     3735.02983
  56285.8353635     3473.42323
  56285.8355163     3478.80707
  56285.8356691     3596.10226
  56285.8358172     3633.91753
  56285.8359700     3607.91954
  56285.8361227     3464.32376
  56285.8362755     3724.04927
  56285.8364282     3611.34800
  56285.8365764     3421.17067
  56285.8367292     3367.01549
  56285.8368820     3357.38416
  56285.8370301     3462.78231
  56285.8371829     3459.37628
  56285.8373356     3371.22783
  56285.8374883     3605.23043
  56285.8376365     3405.72166
  56285.8377892     3432.76865
  56285.8379421     3409.80191
  56285.8380948     3616.97086
  56285.8382429     3537.56670
  56285.8383957     3457.21060
  56285.8385484     3549.16199
  56285.8387013     3434.34778
  56285.8388494     3653.85358
  56285.8390022     3519.02128
  56285.8391549     3616.88161
  56285.8393076     3459.59137
  56285.8394557     3622.11979
  56285.8396131     3201.75383
  56285.8397613     3352.47524
  56285.8399140     3575.47666
  56285.8400669     3436.93479
  56285.8402149     3606.66103
  56285.8403678     3433.06341
  56285.8405205     3362.61585
  56285.8406685     3507.64835
  56285.8408214     3510.25982
  56285.8409741     3439.04083
  56285.8411270     3427.37529
  56285.8412751     3365.01726
  56285.8414279     3355.48233
  56285.8415807     3634.31456
  56285.8417333     3564.82918
  56285.8418815     3589.87711
  56285.8420343     3280.90568
  56285.8421871     3285.26319
  56285.8423398     3422.42719
  56285.8424880     3739.75832
  56285.8426408     3430.18630
  56285.8427934     3454.02354
  56285.8429463     3369.19204
  56285.8430989     3387.84707
  56285.8432471     3399.82060
  56285.8433998     3463.86846
  56285.8435574     3593.03543
  56285.8437008     3560.75594
  56285.8438581     3353.17665
  56285.8440063     3322.23065
  56285.8441591     3502.65484
  56285.8443072     3660.48769
  56285.8444599     3431.91208
  56285.8446127     3362.01531
  56285.8447655     3395.50909
  56285.8449182     3438.55211
  56285.8450665     3578.78499
  56285.8452191     3366.90422
  56285.8453720     3297.97966
  56285.8455247     3321.63922
  56285.8456729     3377.64320
  56285.8458256     3434.65129
  56285.8459784     3484.64381
  56285.8461312     3416.91840
  56285.8462838     3451.08399
  56285.8464320     3570.86451
  56285.8465847     3519.17551
  56285.8467330     3461.61561
  56285.8468856     3222.01844
  56285.8470384     3412.11875
  56285.8471912     3491.75982
  56285.8473393     3389.42037
  56285.8474921     3513.34164
  56285.8476449     3296.25737
  56285.8477977     3606.85961
  56285.8479458     3315.53787
  56285.8480986     3334.80892
  56285.8482514     3392.64883
  56285.8484040     3508.57349
  56285.8485523     3551.76032
  56285.8487050     3556.29824
  56285.8490105     3627.70780
  56285.8491587     3405.77379
  56285.8493114     3371.59147
  56285.8494642     3342.82345
  56285.8496170     3254.90709
  56285.8497651     3508.74873
  56285.8499179     3288.42680
  56285.8500707     3454.09068
  56285.8502234     3572.07807
  56285.8503715     3356.06539
  56285.8505289     3608.54431
  56285.8506770     3315.91240
  56285.8508298     3299.24796
  56285.8509778     3400.99610
  56285.8511353     3378.44364
  56285.8514362     3341.90395
  56285.8515843     3389.79250
  56285.8517372     3343.12833
  56285.8518899     3441.54233
  56285.8520426     3340.00701
  56285.8521908     3511.02407
  56285.8523436     3312.41414
  56285.8524964     3316.77618
  56285.8526490     3299.40059
  56285.8527972     3251.91757
  56285.8529500     3283.58333
  56285.8531027     3420.96099
  56285.8532555     3299.07692
  56285.8534036     3511.75920
  56285.8535611     3225.72792
  56285.8537091     3563.67468
  56285.8538619     3207.73528
  56285.8540101     3413.32177
  56285.8541628     3315.33106
  56285.8543202     3542.20733
  56285.8544684     3390.20809
  56285.8547738     3510.52271
  56285.8549219     3271.07997
  56285.8550748     3425.32427
  56285.8552229     3561.98602
  56285.8553757     3470.92529
  56285.8555284     3584.58262
  56285.8558294     3420.97522
  56285.8559868     3353.35190
  56285.8561349     3252.48250
  56285.8562876     3265.18680
  56285.8564358     3244.84994
  56285.8565885     3367.58348
  56285.8567413     3327.20517
  56285.8568940     3463.12252
  56285.8570421     3374.81911
  56285.8571996     3480.53668
  56285.8573477     3480.12625
  56285.8575006     3445.34893
  56285.8576487     3469.60396
  56285.8578060     3660.27366
  56285.8579541     3494.94556
  56285.8582550     3395.51996
  56285.8584078     3443.99830
  56285.8585607     3200.66103
  56285.8587133     3349.92847
  56285.8588614     3234.68727
  56285.8590143     3480.68988
  56285.8591670     3446.12637
  56285.8593198     3531.37491
  56285.8594680     3572.30539
  56285.8596207     3502.99087
  56285.8597735     3466.59727
  56285.8599262     3410.77948
  56285.8600743     3426.83474
  56285.8602271     3406.89979
  56285.8603799     3548.47084
  56285.8605326     3455.81342
  56285.8608335     3513.98430
  56285.8609863     3460.43015
  56285.8611391     3624.73395
  56285.8612872     3357.67412
  56285.8614400     3418.19223
  56285.8615928     3386.43173
  56285.8617455     3444.91151
  56285.8618936     3414.75413
  56285.8620464     3351.27773
  56285.8621992     3540.89348
  56285.8623519     3507.78452
  56285.8625001     3420.13997
  56285.8626528     3534.26842
  56285.8628056     3480.28655
  56285.8629584     3461.04746
  56285.8631111     3514.70092
  56285.8632593     3770.08072
  56285.8634120     3605.13433
  56285.8635648     3460.02186
  56285.8637130     3495.59250
  56285.8640185     3563.14042
  56285.8641712     3326.18240
  56285.8643239     3603.98011
  56285.8644721     3545.74905
  56285.8646248     3639.75864
  56285.8647777     3525.61168
  56285.8649258     3642.63696
  56285.8650833     3485.60046
  56285.8652313     3545.42194
  56285.8653840     3586.14643
  56285.8655323     3550.61340
  56285.8656850     3592.84355
  56285.8658377     3603.75616
  56285.8659904     3435.22928
  56285.8661387     3579.49944
  56285.8662913     3634.78944
  56285.8664441     3556.10696
  56285.8665969     3668.03822
  56285.8667450     3571.94108
  56285.8668979     3595.04538
  56285.8670506     3414.59415
  56285.8675042     3631.69383
  56285.8676570     3565.22183
  56285.8678097     3632.59622
  56285.8679579     3557.50012
  56285.8681107     3415.88594
  56285.8682635     3540.55160
  56285.8684162     3394.59496
  56285.8685643     3399.21337
  56285.8687218     3454.31937
  56285.8688699     3550.41998
  56285.8690227     3378.95872
  56285.8693282     3409.94206
  56285.8694763     3431.33113
  56285.8696290     3553.60903
  56285.8697818     3501.73384
  56285.8699346     3530.19837
  56285.8700827     3509.61527
  56285.8702354     3574.51847
  56285.8703837     3526.75934
  56285.8705364     3517.21976
  56285.8706891     3734.94244
  56285.8708419     3527.92471
  56285.8709946     3564.92985
  56285.8711429     3761.87624
  56285.8712956     3507.13147
  56285.8714482     3453.37511
  56285.8715965     3603.97290
  56285.8717492     3612.33648
  56285.8719020     3521.79151
  56285.8720548     3467.00615
  56285.8722028     3542.95805
  56285.8723557     3549.91361
  56285.8725084     3618.53789
  56285.8728093     3687.44226
  56285.8729621     3800.18528
  56285.8732677     3467.01506
  56285.8734157     3641.32423
  56285.8735684     3576.26206
  56285.8738740     3542.15820
  56285.8740269     3559.42694
  56285.8741749     3463.66347
  56285.8743277     3614.95566
  56285.8744805     3508.30442
  56285.8746286     3543.33784
  56285.8747814     3397.04988
  56285.8749342     3560.88325
  56285.8750870     3597.40678
  56285.8752351     3517.05316
  56285.8753878     3746.99218
  56285.8755407     3591.54862
  56285.8756933     3492.03683
  56285.8758462     3715.08750
  56285.8759943     3688.61977
  56285.9403362     3492.97702
  56285.9404840     3406.38417
  56285.9406367     3530.74380
  56285.9407894     3350.92791
  56285.9409376     3532.89881
  56285.9410904     3386.21333
  56285.9412432     3333.49771
  56285.9413959     3361.87372
  56285.9415488     3484.68962
  56285.9416968     3453.82981
  56285.9418495     3543.77793
  56285.9420024     3344.25411
  56285.9421505     3367.98368
  56285.9423033     3571.66838
  56285.9424560     3523.21915
  56285.9426088     3577.89589
  56285.9427569     3276.69800
  56285.9429097     3378.69965
  56285.9430624     3667.23282
  56285.9432152     3669.45385
  56285.9433680     3459.30400
  56285.9435161     3585.53478
  56285.9436689     3606.33679
  56285.9438216     3449.24141
  56285.9439697     3427.63352
  56285.9441226     3554.06216
  56285.9442752     3599.94844
  56285.9444280     3478.90894
  56285.9447290     3551.73077
  56285.9448817     3514.50359
  56285.9450345     3509.83331
  56285.9451826     3478.50058
  56285.9453354     3387.84086
  56285.9456410     3398.88560
  56285.9457891     3546.26267
  56285.9459418     3596.31875
  56285.9460946     3520.75253
  56285.9462474     3488.37654
  56285.9464001     3415.18724
  56285.9465482     3624.51947
  56285.9467010     3569.36410
  56285.9468537     3482.35405
  56285.9470019     3443.64853
  56285.9471546     3290.59799
  56285.9473074     3510.82019
  56285.9474602     3455.06098
  56285.9476130     3513.99292
  56285.9477610     3487.54575
  56285.9479138     3412.91461
  56285.9480666     3479.42349
  56285.9482147     3515.59234
  56285.9483675     3365.20726
  56285.9485203     3578.06010
  56285.9486730     3522.68603
  56285.9488258     3457.55917
  56285.9489785     3375.28741
  56285.9491267     3573.30623
  56285.9492794     3591.82889
  56285.9494323     3316.19287
  56285.9495803     3647.64964
  56285.9497332     3435.69335
  56285.9498859     3524.39702
  56285.9500340     3324.02072
  56285.9501868     3292.27082
  56285.9503395     3470.24461
  56285.9504924     3424.02410
  56285.9506405     3524.34511
  56285.9507933     3399.42418
  56285.9509460     3450.43298
  56285.9510987     3321.36681
  56285.9512469     3472.45024
  56285.9513996     3446.41297
  56285.9515524     3411.88203
  56285.9517052     3588.48902
  56285.9518532     3485.86909
  56285.9520061     3792.67682
  56285.9521588     3427.65411
  56285.9523116     3597.95900
  56285.9524643     3500.87913
  56285.9526172     3459.67596
  56285.9527653     3529.34257
  56285.9529180     3329.32051
  56285.9530661     3546.17402
  56285.9532190     3568.23485
  56285.9533717     3615.57706
  56285.9535244     3217.92235
  56285.9536727     3481.39834
  56285.9538254     3493.14915
  56285.9539781     3450.92052
  56285.9541309     3393.58067
  56285.9542790     3447.87242
  56285.9544318     3404.47219
  56285.9545845     3584.88198
  56285.9547374     3216.47973
  56285.9548855     3499.64188
  56285.9550382     3359.47787
  56285.9551910     3421.54856
  56285.9553437     3621.10168
  56285.9554966     3361.87771
  56285.9556446     3373.83570
  56285.9557974     3486.06400
  56285.9559502     3504.34233
  56285.9561030     3571.97219
  56285.9562511     3574.62922
  56285.9564038     3295.56712
  56285.9565566     3395.70046
  56285.9567047     3283.02510
  56285.9568575     3295.76564
  56285.9570103     3580.77288
  56285.9571631     3325.26681
  56285.9573112     3398.56078
  56285.9574639     3317.94843
  56285.9576167     3292.08449
  56285.9577694     3420.57730
  56285.9579177     3320.25763
  56285.9580703     3502.11388
  56285.9582231     3370.66481
  56285.9583759     3436.26839
  56285.9585287     3504.36924
  56285.9586768     3285.92190
  56285.9588296     3421.14953
  56285.9589824     3312.78256
  56285.9591350     3197.75005
  56285.9592833     3521.53107
  56285.9594359     3277.30249
  56285.9595887     3333.43275
  56285.9597369     3458.48498
  56285.9598897     3389.67987
  56285.9600424     3307.84668
  56285.9601952     3601.07202
  56285.9603434     3473.93384
  56285.9604961     3403.25973
  56285.9606489     3365.94887
  56285.9608016     3540.56529
  56285.9609497     3309.65861
  56285.9611025     3523.86544
  56285.9612553     3476.97892
  56285.9614080     3347.94268
  56285.9615608     3294.58177
  56285.9617089     3387.50468
  56285.9618617     3469.00010
  56285.9620144     3262.09726
  56285.9621626     3353.92872
  56285.9623154     3214.85884
  56285.9624681     3241.46077
  56285.9626209     3316.91623
  56285.9627689     3586.08262
  56285.9629218     3338.37396
  56285.9630792     3357.80837
  56285.9632272     3391.36096
  56285.9633754     3632.78973
  56285.9635281     3497.73054
  56285.9636857     3315.51243
  56285.9638338     3427.35618
  56285.9639819     3312.61028
  56285.9641347     3392.17647
  56285.9642873     3347.19390
  56285.9644401     3505.35370
  56285.9645929     3266.38939
  56285.9647411     3381.42092
  56285.9648938     3217.71620
  56285.9650467     3631.61267
  56285.9651947     3424.38095
  56285.9653475     3383.01768
  56285.9655003     3260.48547
  56285.9656530     3432.72084
  56285.9658012     3484.88691
  56285.9659585     3373.73478
  56285.9661068     3336.49776
  56285.9662594     3438.25423
  56285.9664075     3206.27549
  56285.9665651     3222.36690
  56285.9667132     3450.93257
  56285.9668659     3473.49429
  56285.9670141     3434.80768
  56285.9671667     3410.32244
  56285.9673196     3335.15378
  56285.9674723     3340.28121
  56285.9676251     3390.45284
  56285.9677732     3473.69774
  56285.9679260     3488.40353
  56285.9680788     3517.20235
  56285.9682269     3409.59756
  56285.9683797     3402.15929
  56285.9685323     3310.63772
  56285.9686853     3431.27451
  56285.9688333     3445.22822
  56285.9689861     3543.70261
  56285.9691434     3542.00862
  56285.9692916     3321.48328
  56285.9694397     3174.10476
  56285.9695972     3447.58264
  56285.9697453     3288.91460
  56285.9698981     3539.89520
  56285.9700462     3501.64575
  56285.9701989     3145.26342
  56285.9703517     3443.32131
  56285.9705045     3310.26734
  56285.9706572     3234.28103
  56285.9708054     3328.59442
  56285.9709582     3412.43605
  56285.9712590     3475.59070
  56285.9714117     3420.24955
  56285.9715646     3159.02828
  56285.9717173     3396.00597
  56285.9718655     3501.74795
  56285.9720229     3490.29125
  56285.9721710     3488.08711
  56285.9723238     3244.85153
  56285.9724719     3431.37899
  56285.9726245     3500.21777
  56285.9727774     3459.54539
  56285.9729301     3619.17131
  56285.9730783     3396.01810
  56285.9732311     3490.16934
  56285.9733838     3508.08257
  56285.9735366     3543.81684
  56285.9736894     3324.27605
  56285.9738376     3509.97912
  56285.9739902     3415.67324
  56285.9741430     3519.55429
  56285.9742911     3519.80350
  56285.9744487     3187.42353
  56285.9745967     3438.79378
  56285.9747495     3238.40922
  56285.9748976     3400.38954
  56285.9750503     3285.37633
  56285.9752078     3523.73784
  56285.9753558     3633.32925
  56285.9755041     3492.70126
  56285.9756615     3448.98546
  56285.9758096     3227.07837
  56285.9759623     3532.29915
  56285.9761103     3351.22244
  56285.9762633     3414.21251
  56285.9764159     3629.41842
  56285.9765688     3422.84581
  56285.9767215     3356.69453
  56285.9768742     3440.73531
  56285.9770224     3577.40277
  56285.9773234     3493.41606
  56285.9774761     3403.03582
  56285.9776289     3329.00358
  56285.9777817     3454.70023
  56285.9779343     3637.18312
  56285.9780826     3529.67927
  56285.9782353     3548.25090
  56285.9783881     3376.79463
  56285.9785362     3357.83213
  56285.9786936     3531.92536
  56285.9788416     3633.52149
  56285.9789944     3434.79392
  56285.9791426     3459.81829
  56285.9793000     3389.85000
  56285.9794527     3402.53018
  56285.9796009     3341.54916
  56285.9797538     3571.03459
  56285.9802073     3540.34287
  56285.9803555     3560.35737
  56285.9805129     3248.97798
  56285.9806609     3413.41872
  56285.9808138     3543.70176
  56285.9809618     3503.59520
  56285.9811146     3358.05195
  56285.9812675     3474.36425
  56285.9814202     3456.90225
  56285.9815684     3651.02179
  56285.9817257     3754.72375
  56285.9818738     3536.22267
  56285.9820266     3555.71464
  56285.9821747     3559.75386
  56285.9823321     3567.68632
  56285.9824802     3379.24307
  56285.9826330     3636.77905
  56285.9827858     3449.65060
  56285.9829340     3456.26237
  56285.9830867     3663.40410
  56285.9832395     3691.58490
  56285.9833876     3601.92110
  56285.9835403     3450.78441
  56285.9836932     3594.78937
  56285.9838459     3553.98940
  56285.9839941     3536.67580
  56285.9841468     3621.46340
  56285.9842995     3517.13113
  56285.9844523     3494.92958
  56285.9846004     3595.63615
  56285.9847533     3508.24185
  56285.9849060     3401.04969
  56285.9850587     3581.20287
  56285.9852116     3516.56261
  56285.9853597     3542.43365
  56285.9855124     3581.06864
  56285.9856652     3475.08341
  56285.9858179     3612.13888
  56285.9859661     3395.05476
  56285.9861188     3496.94670
  56285.9862716     3351.02302
  56285.9864198     3742.73145
  56285.9865724     3330.63984
  56285.9867252     3463.53638
  56285.9868780     3598.27838
  56285.9870262     3497.41643
  56285.9871790     3445.24343
  56285.9873317     3365.53199
  56285.9874845     3467.11640
  56285.9876327     3586.01711
  56285.9877854     3595.52125
  56285.9879380     3691.54658
  56285.9880908     3394.14735
  56285.9882390     3688.46845
  56285.9883918     3393.07353
  56285.9885446     3503.57091
  56285.9886973     3721.11128
  56285.9888501     3595.15317
  56285.9889982     3541.68387
  56285.9891510     3577.79588
  56285.9893037     3576.51454
  56285.9894519     3530.70171
  56285.9896046     3728.75250
  56285.9897574     3848.36150
  56285.9899102     3600.91614
  56285.9900582     3622.77915
  56285.9902110     3521.92218
  56285.9903637     3564.90045
  56285.9905166     3615.69604
  56285.9906647     3404.06217
  56285.9908221     3497.19183
  56285.9909702     3663.49744
  56285.9911231     3757.53534
  56285.9912712     3649.63009
  56285.9914239     3679.09995
  56285.9915768     3308.68057
  56285.9917295     3508.03748
  56285.9918821     3711.14966
  56285.9920350     3659.20549
  56285.9921831     3483.82756
  56285.9923359     3506.21731
  56285.9924840     3617.42512
  56285.9926368     3440.97825
  56285.9927896     3516.60788
  56285.9929423     3597.07120
  56285.9930904     3538.13819
  56285.9932432     3621.80528
  56285.9933960     3638.07851
  56285.9935487     3594.99970
  56285.9936969     3618.26818
  56285.9938542     3487.71061
  56285.9940024     3515.12823
  56285.9941552     3584.68820
  56285.9943032     3480.38643
  56285.9944607     3485.46793
  56285.9946088     3597.45507
  56285.9947616     3617.72964
  56285.9949143     3491.99763
  56285.9950625     3624.43441
  56285.9952153     3762.73930
  56285.9953680     3478.25459
  56285.9955208     3611.13647
  56285.9956689     3515.78126
  56285.9958218     3627.26360
  56285.9959745     3629.94237
  56285.9961226     3381.29156
  56285.9962753     3453.12766
  56285.9964327     3717.37602
  56285.9965809     3700.14210
  56285.9967290     3383.78110
  56285.9968819     3566.03509
  56285.9970346     3504.33417
  56285.9971873     3534.90744
  56285.9973400     3376.20965
  56285.9974882     3626.14936
  56285.9976410     3501.19718
  56285.9977937     3559.87200
  56285.9979465     3355.31808
  56285.9980992     3610.81997
  56285.9982473     3439.49360
  56285.9984002     3516.99459
  56285.9985482     3670.39626
  56285.9987058     3623.27821
  56288.5566740     3600.20808
  56288.5568263     3464.28160
  56288.5569791     3578.25417
  56288.5571318     3561.96506
  56288.5572846     3449.73781
  56288.5574328     3527.03382
  56288.5575856     3574.34708
  56288.5577337     3373.05637
  56288.5578911     3322.50708
  56288.5580392     3542.32268
  56288.5581919     3504.22146
  56288.5583401     3571.54619
  56288.5584928     3416.66551
  56288.5586457     3550.93946
  56288.5587983     3757.41780
  56288.5589466     3541.87310
  56288.5590992     3520.34226
  56288.5592520     3674.27269
  56288.5594048     3539.07940
  56288.5595529     3525.87700
  56288.5597058     3463.01128
  56288.5598584     3546.84736
  56288.5600113     3574.70900
  56288.5601594     3499.34882
  56288.5603122     3570.67120
  56288.5604648     3368.40516
  56288.5606175     3493.60032
  56288.5607658     3631.89289
  56288.5609186     3551.91649
  56288.5610714     3268.19699
  56288.5612241     3628.66287
  56288.5613723     3547.18620
  56288.5615250     3666.64050
  56288.5616777     3526.47677
  56288.5618306     3676.12681
  56288.5619787     3497.18878
  56288.5621315     3510.63283
  56288.5622842     3512.04126
  56288.5624370     3640.70638
  56288.5625851     3548.39671
  56288.5627378     3735.60342
  56288.5628907     3474.50745
  56288.5630433     3635.84807
  56288.5631914     3670.44575
  56288.5633442     3626.25075
  56288.5634970     3612.12568
  56288.5636498     3714.82530
  56288.5637979     3506.88092
  56288.5639507     3516.61473
  56288.5641035     3530.29667
  56288.5642563     3629.34009
  56288.5644044     3509.20615
  56288.5645571     3638.99357
  56288.5647099     3469.84563
  56288.5648626     3575.38007
  56288.5650108     3624.01788
  56288.5651635     3737.23997
  56288.5653164     3577.01934
  56288.5654691     3647.13237
  56288.5656218     3811.21177
  56288.5657700     3490.15074
  56288.5659228     3392.13540
  56288.5660756     3694.02295
  56288.5662237     3505.44410
  56288.5663764     3469.32392
  56288.5665292     3603.67857
  56288.5666820     3413.62527
  56288.5668300     3554.06283
  56288.5669829     3626.84996
  56288.5671355     3585.53954
  56288.5672884     3492.37122
  56288.5674365     3648.97327
  56288.5675893     3603.16671
  56288.5677420     3656.50530
  56288.5678947     3415.94737
  56288.5680429     3595.41496
  56288.5682003     3415.40785
  56288.5683485     3913.63343
  56288.5685012     3747.69676
  56288.5686541     3613.07594
  56288.5688022     3671.11704
  56288.5689548     3667.70007
  56288.5691076     3603.00793
  56288.5692604     3601.84095
  56288.5694086     3636.72059
  56288.5695612     3663.16811
  56288.5697141     3573.61810
  56288.5698622     3437.70105
  56288.5700196     3440.32286
  56288.5701678     3680.99088
  56288.5703204     3664.00432
  56288.5704686     3390.32381
  56288.5706214     3409.79227
  56288.5707742     3591.11174
  56288.5709270     3535.09263
  56288.5710751     3591.78623
  56288.5712279     3683.29157
  56288.5713806     3756.21793
  56288.5715333     3563.73251
  56288.5716814     3672.86454
  56288.5718342     3616.82620
  56288.5719871     3389.48160
  56288.5721398     3477.52978
  56288.5722926     3523.84013
  56288.5724406     3524.57150
  56288.5725934     3448.08329
  56288.5727462     3702.37507
  56288.5728944     3700.54849
  56288.5730471     3557.47869
  56288.5731999     3711.88573
  56288.5733527     3801.14045
  56288.5735008     3615.85309
  56288.5736536     3688.95061
  56288.5738063     3401.38296
  56288.5739590     3604.28422
  56288.5741119     3725.91271
  56288.5742600     3481.31865
  56288.5744128     3695.74716
  56288.5745655     3736.29285
  56288.5747138     3549.85787
  56288.5748664     3697.32492
  56288.5750191     3748.47287
  56288.5751720     3800.79662
  56288.5753201     3574.75545
  56288.5754729     3712.12003
  56288.5756255     3667.13768
  56288.5757784     3468.41419
  56288.5759311     3672.89013
  56288.5760792     3829.56578
  56288.5763848     3657.64241
  56288.5765375     3535.73440
  56288.5766856     3548.20079
  56288.5768386     3586.03772
  56288.5769912     3654.30765
  56288.5771392     3756.27045
  56288.5772922     3525.44184
  56288.5774448     3431.19461
  56288.5775977     3480.68186
  56288.5777458     3795.02544
  56288.5778985     3351.31652
  56288.5780513     3524.32731
  56288.5782040     3557.47276
  56288.5783569     3685.54653
  56288.5785050     3538.75217
  56288.5786577     3637.24621
  56288.5788105     3642.93677
  56288.5789632     3630.60323
  56288.5791114     3588.07466
  56288.5792642     3691.55265
  56288.5794169     3652.56856
  56288.5795696     3886.12059
  56288.5797224     3446.50204
  56288.5798705     3654.44364
  56288.5800233     3510.28034
  56288.5801715     3379.24488
  56288.5803243     3481.99257
  56288.5804771     3625.45820
  56288.5806297     3701.55905
  56288.5807780     3376.43543
  56288.5809307     3653.66603
  56288.5810834     3560.67030
  56288.5812362     3503.37588
  56288.5813842     3587.91041
  56288.5815372     3679.94148
  56288.5816899     3615.12081
  56288.5818426     3674.46448
  56288.5819907     3618.90309
  56288.5821481     3576.60277
  56288.5822963     3541.47226
  56288.5824491     3693.41374
  56288.5826019     3690.01254
  56288.5827500     3580.33140
  56288.5829027     3946.79662
  56288.5830555     3605.64058
  56288.5832035     3643.42946
  56288.5833564     3409.03803
  56288.5835091     3723.95893
  56288.5836620     3452.41500
  56288.5838100     3714.21207
  56288.5839628     3724.68369
  56288.5841156     3535.34173
  56288.5842683     3530.80107
  56288.5844165     3628.56023
  56288.5845693     3670.92797
  56288.5847221     3695.35889
  56288.5848748     3682.29585
  56288.5850229     3664.49583
  56288.5851757     3498.55685
  56288.5853284     3662.49746
  56288.5854811     3503.19134
  56288.5856292     3559.23476
  56288.5857821     3547.71257
  56288.5859348     3617.49679
  56288.5860877     3531.46224
  56288.5862358     3652.05732
  56288.5863932     3606.82428
  56288.5865413     3708.37269
  56288.5866941     3452.70661
  56288.5868422     3550.14295
  56288.5869949     3596.17656
  56288.5871477     3631.23069
  56288.5873005     3757.94181
  56288.5874486     3817.68677
  56288.5876061     3443.31046
  56288.5877541     3648.69405
  56288.5879069     3664.27055
  56288.5880550     3352.11551
  56288.5882078     3820.50449
  56288.5883606     3735.17285
  56288.5885133     3601.87726
  56288.5886615     3601.89754
  56288.5888142     3613.97748
  56288.5889671     3471.43386
  56288.5891197     3661.62265
  56288.5892680     3553.64917
  56288.5894206     3796.16180
  56288.5895733     3397.93941
  56288.5897262     3621.37611
  56288.5898743     3758.05046
  56288.5900272     3545.62450
  56288.5901798     3523.16271
  56288.5903326     3527.83840
  56288.5904808     3450.89038
  56288.5906335     3608.49879
  56288.5907864     3474.59393
  56288.5909391     3597.43101
  56288.5910872     3639.72534
  56288.5912400     3477.89612
  56288.5913927     3618.88199
  56288.5915455     3430.27389
  56288.5916936     3544.87385
  56288.5918465     3552.63217
  56288.5919991     3565.81168
  56288.5921518     3569.33318
  56288.5923001     3390.06983
  56288.5924528     3527.42459
  56288.5926056     3652.65059
  56288.5927583     3699.53123
  56288.5929065     3615.41795
  56288.5930593     3394.38709
  56288.5932120     3592.84915
  56288.5933647     3429.17742
  56288.5935176     3574.67911
  56288.5936657     3427.52738
  56288.5938184     3400.86726
  56288.5939712     3636.33660
  56288.5941239     3547.30538
  56288.5942721     3488.10758
  56288.5944249     3768.81599
  56288.5945775     3732.41276
  56288.5948785     3392.45196
  56288.5950313     3489.84886
  56288.5951841     3419.70351
  56288.5953322     3509.43468
  56288.5954850     3255.63495
  56288.5956377     3573.25640
  56288.5957905     3721.33883
  56288.5959385     3767.91857
  56288.5960914     3417.15463
  56288.5962441     3483.21644
  56288.5963968     3529.81253
  56288.5965451     3575.83020
  56288.5967025     3733.13482
  56288.5968506     3734.49548
  56288.5970033     3447.98531
  56288.5971561     3446.98088
  56288.5973042     3446.17923
  56288.5974571     3402.12124
  56288.5976098     3539.59673
  56288.5977624     3673.85649
  56288.5979107     3576.23582
  56288.5980634     3582.92485
  56288.5982162     3479.44223
  56288.5983643     3375.40945
  56288.5985170     3290.89476
  56288.5986698     3568.90731
  56288.5988226     3495.34889
  56288.5989755     3559.18035
  56288.5991235     3471.11782
  56288.5992763     3358.24183
  56288.5994291     3578.26065
  56288.5995772     3456.78610
  56288.5997300     3610.46531
  56288.5998827     3693.43269
  56288.6000355     3394.91705
  56288.6001836     3615.00793
  56288.6003365     3582.56579
  56288.6004891     3649.39662
  56288.6006419     3432.03842
  56288.6007901     3404.97528
  56288.6009427     3354.96464
  56288.6010956     3265.80560
  56288.6012483     3467.10387
  56288.6013965     3527.47407
  56288.6015492     3525.44083
  56288.6017019     3602.99623
  56288.6018547     3708.79882
  56288.6020029     3407.10813
  56288.6021557     3495.92029
  56288.6023084     3589.03103
  56288.6024612     3455.59892
  56288.6026093     3563.91516
  56288.6027620     3448.63570
  56288.6029149     3397.81775
  56288.6030676     3582.33295
  56288.6032158     3494.52728
  56288.6033685     3637.11846
  56288.6035214     3371.51999
  56288.6036740     3430.77882
  56288.6038222     3663.37274
  56288.6039750     3408.75496
  56288.6041277     3562.65968
  56288.6042805     3561.13779
  56288.6044285     3530.41704
  56288.6045813     3700.12392
  56288.6047341     3559.59900
  56288.6048868     3323.07177
  56288.6050350     3568.85662
  56288.6051878     3706.02366
  56288.6053407     3371.82154
  56288.6054934     3509.21159
  56288.6056414     3603.61761
  56288.6057942     3780.85991
  56288.6059469     3438.76415
  56288.6060998     3578.36529
  56288.6062479     3493.79336
  56288.6064052     3640.82365
  56288.6065534     3560.36478
  56288.6067062     3642.78245
  56288.6068543     3461.30528
  56288.6070071     3783.38787
  56288.6071598     3717.28542
  56288.6073126     3455.35452
  56288.6074653     3444.52267
  56288.6076181     3293.80885
  56288.6077662     3324.99145
  56288.6079191     3426.38992
  56288.6082199     3421.24299
  56288.6083727     3569.80017
  56288.6085254     3365.69903
  56288.6086735     3448.08151
  56288.6088263     3647.02213
  56288.6089791     3331.56072
  56288.6091319     3438.07277
  56288.6092847     3401.35180
  56288.6094327     3603.29590
  56288.6095855     3574.71435
  56288.6097384     3426.34306
  56288.6098864     3542.21156
  56288.6100393     3651.32997
  56288.6101920     3543.56428
  56288.6103446     3495.85849
  56288.6104929     3453.02755
  56288.6106456     3499.13729
  56288.6107985     3335.95934
  56288.6109511     3582.63799
  56288.6110993     3351.20722
  56288.6112521     3398.10666
  56288.6114048     3453.74317
  56288.6115576     3413.27703
  56288.6117057     3550.72446
  56288.6118584     3516.70592
  56288.6120113     3502.94345
  56288.6121639     3536.22899
  56288.6123121     3621.78237
  56288.6124649     3607.78476
  56288.6126177     3401.56784
  56288.6127705     3405.72640
  56288.6129186     3643.51161
  56288.6130761     3536.28351
  56288.6132240     3473.04138
  56288.6133769     3525.73309
  56288.6135251     3647.96647
  56288.6136825     3539.02470
  56288.6138305     3401.10347
  56288.6139833     3585.00496
  56288.6141314     3537.12853
  56288.6142842     3446.49088
  56288.6144370     3559.58997
  56288.6145897     3551.78383
  56288.6147379     3609.67526
  56288.6148907     3536.32503
  56288.6150435     3434.84847
  56288.6151962     3563.89777
  56288.6153443     3507.51820
  56288.6154971     3491.60660
  56288.6156498     3235.77004
  56288.6158027     3423.12636
  56288.6159507     3522.97300
  56288.6161034     3349.74124
  56288.6162563     3761.08812
  56288.6164090     3456.24148
  56288.6165572     3556.20883
  56288.6167145     3694.19622
  56288.6168626     3471.93630
  56288.6170154     3793.48872
  56288.6171636     3605.96154
  56288.6173164     3537.43420
  56288.6174691     3450.77405
  56288.6176219     3560.07261
  56288.6177700     3459.52611
  56288.6179229     3521.43786
  56288.6180755     3453.24736
  56288.6182283     3318.76993
  56288.6183765     3647.21862
  56288.6185292     3509.05720
  56288.6186820     3349.88512
  56288.6188347     3414.56780
  56288.6191356     3651.43631
  56288.6192885     3595.90000
  56288.6194412     3350.83250
  56288.6195893     3582.59198
  56288.6197421     3466.07725
  56288.6198948     3606.98469
  56288.6200476     3615.65822
  56288.6201957     3281.34176
  56288.6203485     3365.98842
  56288.6205012     3808.09545
  56288.6206540     3547.40261
  56288.6208022     3980.36489
  56288.6209549     3476.47877
  56288.6211078     3470.44939
  56288.6212605     3579.46814
  56288.6214132     3548.45503
  56288.6215614     3701.01803
  56288.6217141     3608.51954
  56288.6218669     3598.54019
  56288.6220150     3617.79461
  56288.6221678     3590.18985
  56288.6223205     3528.46318
  56288.6224732     3533.19332
  56288.6226215     3579.05296
  56288.6227741     3541.08967
  56288.6229270     3534.69916
  56288.6230797     3625.67653
  56288.6232278     3819.19633
  56288.6233806     3590.27548
  56288.6235334     3628.53931
  56288.6236863     3645.81581
  56288.6238343     3501.88620
  56288.6239871     3704.60286
  56288.6241398     3411.62639
  56288.6242925     3376.12159
  56288.6244407     3800.37444
  56288.6245934     3602.47990
  56288.6247463     3461.92594
  56288.6248989     3550.66102
  56288.6250472     3519.92347
  56288.6251999     3434.13109
  56288.6253527     3625.23689
  56288.6255055     3670.74339
  56288.6256535     3760.46045
  56288.6258064     3535.42994
  56288.6259591     3520.47528
  56288.6261118     3506.57080
  56288.6262600     3658.13181
  56288.6264128     3635.22809
  56288.6265655     3461.11563
  56288.6267182     3705.43438
  56288.6268664     3536.37310
  56288.6270192     3532.82831
  56288.6271720     3688.07587
  56288.6273247     3394.16588
  56288.6274776     3600.79569
  56288.6276256     3612.19467
  56288.6277783     3462.01017
  56288.6279312     3486.50897
  56288.6280792     3705.01929
  56288.6282367     3726.72500
  56288.6283848     3531.10260
  56288.6285376     3588.03016
  56288.6286857     3759.13176
  56288.6288385     3683.22060
  56288.6289912     3465.65393
  56288.6291440     3538.64840
  56288.6292921     3565.50662
  56288.6294449     3573.05926
  56288.6295977     3409.56958
  56288.6297505     3692.06699
  56288.6298985     3636.92266
  56288.6300560     3478.30578
  56288.6302041     3599.51281
  56288.6303569     3565.45872
  56288.6305050     3886.36228
  56288.6306579     3558.56925
  56288.6308105     3344.72295
  56288.6309632     3592.14064
  56288.6312641     3788.10975
  56288.6314170     3846.36427
  56288.6315697     3879.99753
  56288.6317179     3431.63366
  56288.6318752     3745.65639
  56288.6320233     3741.88151
  56288.6321762     3492.16173
  56288.6323243     3482.98920
  56288.6324772     3693.95052
  56288.6326298     3713.94120
  56288.6327825     3465.19133
  56288.6329307     3442.21706
  56288.6330834     3683.34264
  56288.6332363     3595.06740
  56288.6333890     3778.92547
  56288.6335371     3645.67637
  56288.6336899     3685.65233
  56288.6338427     3959.09409
  56288.6339954     3661.37095
  56288.6341435     3791.24696
  56288.6343010     3605.03322
  56288.6344491     3514.85418
  56288.6346018     3705.96487
  56288.6347500     3525.87480
  56288.6349028     3796.58606
  56288.6350556     3610.10315
  56288.6352082     3589.37179
  56288.6353564     3536.23433
  56288.6355091     3684.98983
  56288.6356620     3739.51220
  56288.6358147     3619.53904
  56288.6359675     3682.30231
  56288.6361156     3566.14503
  56288.6362685     3602.21782
  56288.6364212     3799.86539
  56288.6365692     3861.28558
  56288.6367221     3462.30055
  56288.6368748     3552.60809
  56288.6370276     3589.80526
  56288.6371757     3620.45527
  56288.6373331     3685.29591
  56288.6374812     3707.34005
  56288.6376339     3558.57998
  56288.6377868     3672.72439
  56288.6379349     3513.82007
  56288.6380878     3722.49861
  56288.6382404     3809.36793
  56288.6383885     3642.66396
  56288.6385414     3670.48619
  56288.6386941     3620.99646
  56288.6388468     3884.07909
  56288.6389950     3519.94473
  56288.6391478     3661.47997
  56288.6393005     3660.57143
  56288.6394533     3414.75674
  56288.6396013     3596.16213
  56288.6397588     3846.16669
  56288.6399070     3639.75394
  56288.6400596     3676.75929
  56288.6402079     3620.05120
  56288.6403606     3687.62839
  56288.6405134     3402.28447
  56288.6406662     3548.29495
  56288.6408142     3732.93842
  56288.6409671     3683.43213
  56288.6411198     3525.57444
  56288.6412727     3429.24064
  56288.6414206     3643.52344
  56288.6415735     3705.89674
  56288.6417262     3549.85162
  56288.6418789     3501.57432
  56288.6420272     3647.34968
  56288.6421799     3530.59607
  56288.6423327     3689.76916
  56288.6424855     3598.29374
  56288.6426382     3620.44549
  56288.6427863     3585.06992
  56288.6429390     3529.17821
  56288.6430919     3543.41854
  56288.6432399     3456.93084
  56288.6433926     3816.67457
  56288.6435455     3368.17831
  56288.6436982     3704.85652
  56288.6438465     3667.07643
  56288.6439991     3864.61645
  56288.6441520     3539.17957
  56288.6443047     3760.98235
  56288.6444529     3669.75713
  56288.6446056     3666.95738
  56288.6447583     3644.71444
  56288.6449112     3664.54178
  56288.6450592     3766.96466
  56288.6452121     3574.75594
  56288.6453648     3729.24163
  56288.6455176     3506.10509
  56288.6456703     3751.35559
  56288.6458184     3756.10150
  56288.6459712     3520.39254
  56288.6461240     3590.54884
  56288.6462722     3403.34799
  56288.6464250     3530.48198
  56288.6465776     3663.77173
  56288.6467304     3556.01634
  56288.6468831     3317.73543
  56288.6470313     3620.63311
  56288.6471841     3694.16371
  56288.6473369     3687.29735
  56288.6474850     3611.20355
  56288.6476378     3587.57112
  56288.6477905     3510.06045
  56288.6479432     3422.18417
  56288.6480914     3723.74443
  56288.6482442     3622.65686
  56288.6483970     3246.02581
  56288.6485497     3582.88415
  56288.6486979     3763.35655
  56288.6488506     3661.79468
  56288.6490034     3621.97091
  56288.6491561     3515.71701
  56288.6493042     3493.86994
  56288.6494570     3422.29175
  56288.6496098     3369.82878
  56288.6497626     3483.30058
  56288.6499106     3637.95318
  56288.6500634     3616.61425
  56288.6502162     3438.17759
  56288.6503689     3706.71395
  56288.6505172     3823.15430
  56288.6506699     3579.63834
  56288.6508227     3696.22600
  56288.6509753     3458.39595
  56288.6511236     3633.01396
  56288.6512763     3540.01390
  56288.6514291     3626.81259
  56288.6515819     3794.86612
  56288.6517346     3582.41143
  56288.6518828     3628.85321
  56288.6520355     3580.71215
  56288.6521882     3510.03490
  56288.6523364     3806.18570
  56288.6524892     3548.34378
  56288.6526419     3522.02841
  56288.6527946     3515.53380
  56288.6529475     3485.13755
  56288.6530956     3628.58314
  56288.6532483     3642.02332
  56288.6534012     3557.98101
  56288.6535492     3606.89674
  56288.6537020     3563.52029
  56288.6538548     3532.41949
  56288.6540075     3446.62755
  56288.6541557     3555.69325
  56288.6543084     3772.51653
  56288.6544613     3588.94163
  56288.6546140     3473.85174
  56288.6547667     3505.71761
  56288.6549149     3510.64622
  56288.6550676     3645.16359
  56288.6552205     3528.09013
  56288.6553685     3606.38778
  56288.6555212     3542.66266
  56288.6556741     3594.86639
  56288.6558268     3381.16305
  56288.6559796     3489.33566
  56288.6561277     3615.06283
  56288.6562805     3580.09342
  56288.6564332     3388.91595
  56288.6565814     3614.06076
  56288.6567389     3610.11278
  56288.6570397     3597.41022
  56288.6571878     3659.17363
  56288.6573406     3591.62649
  56288.6574934     3430.75425
  56288.6576460     3567.56954
  56288.6577989     3600.14337
  56288.6579470     3455.08839
  56288.6580997     3505.84110
  56288.6582525     3283.10816
  56288.6584099     3557.24958
  56288.6585534     3688.05145
  56288.6587061     3543.46982
  56288.6588590     3646.54124
  56288.6590117     3447.13641
  56288.6591598     3430.20663
  56288.6593173     3718.00839
  56288.6594653     3553.78083
  56288.6596135     3354.82558
  56288.6597663     3601.33538
  56288.6599191     3652.27816
  56288.6600719     3404.76164
  56288.6603728     3626.96704
  56288.6605255     3520.03480
  56288.6606783     3417.96843
  56288.6608311     3494.43953
  56288.6609838     3437.23230
  56288.6611319     3687.39027
  56288.6612847     3544.99800
  56288.6614374     3465.09599
  56288.6615855     3557.41161
  56288.6617384     3585.12727
  56288.6618911     3440.10947
  56288.6620392     3406.40229
  56288.6621920     3523.19838
  56288.6623447     3755.63211
  56288.6624976     3392.94367
  56288.6626457     3378.27635
  56288.6627984     3610.66298
  56288.6629512     3379.77870
  56288.6631039     3373.24392
  56288.6632521     3485.42301
  56288.6634048     3589.28687
  56288.6635577     3546.92508
  56288.6637104     3557.86867
  56288.6638631     3408.22733
  56288.6640113     3466.84229
  56288.6641641     3487.94963
  56288.6643168     3251.14370
  56288.6644650     3549.97866
  56288.6646178     3399.05515
  56288.6647705     3580.72291
  56288.6649232     3568.15738
  56288.6650760     3331.31203
  56288.6652242     3607.26620
  56288.6653770     3637.33967
  56288.6655296     3572.09978
  56288.6656779     3466.03741
  56288.6658306     3469.91869
  56288.6659833     3244.64954
  56288.6661361     3655.52911
  56288.6662842     3506.62251
  56288.6664370     3357.63465
  56288.6665898     3481.31874
  56288.6667425     3518.60146
  56288.6668953     3490.65821
  56288.6670434     3415.06562
  56288.6671962     3570.14423
  56288.6673490     3612.55917
  56288.6674970     3343.90969
  56288.6676499     3384.67179
  56288.6678025     3276.27612
  56288.6679554     3604.22669
  56288.6681035     3494.69410
  56288.6682564     3491.01236
  56288.6684090     3510.77810
  56288.6687099     3385.67264
  56288.6688627     3286.21632
  56288.6690155     3316.46295
  56288.6691682     3421.45400
  56288.6693210     3560.11628
  56288.6694692     3458.54314
  56288.6696218     3538.30710
  56288.6697747     3518.43538
  56288.6699274     3491.71424
  56288.6700802     3429.57483
  56288.6702283     3339.35463
  56288.6703811     3353.11435
  56288.6705292     3551.73043
  56288.6706820     3416.30390
  56288.6708348     3482.23681
  56288.6709875     3511.36825
  56288.6711404     3399.52453
  56288.6712884     3547.25369
  56288.6714412     3489.36531
  56288.6715939     3437.53645
  56288.6717468     3464.53412
  56288.6718948     3286.55971
  56288.6720476     3423.93797
  56288.6722004     3335.17172
  56288.6723485     3307.02177
  56288.6725013     3349.29702
  56288.6726540     3417.85678
  56288.6728068     3461.82409
  56288.6729596     3638.91484
  56288.6731077     3422.34445
  56288.6732606     3664.27255
  56288.6734132     3592.07187
  56288.7377320     3851.55739
  56288.7378798     3553.06932
  56288.7380371     3508.68635
  56288.7381854     3592.58598
  56288.7383380     3452.71582
  56288.7384909     3431.88047
  56288.7386389     3595.47839
  56288.7387963     3455.53245
  56288.7389445     3504.03859
  56288.7390925     3502.52222
  56288.7392500     3366.16802
  56288.7393981     3570.39898
  56288.7395510     3688.73101
  56288.7396990     3445.22376
  56288.7398564     3600.53682
  56288.7400045     3710.88035
  56288.7401573     3664.17454
  56288.7403101     3485.34679
  56288.7404582     3538.17413
  56288.7406109     3635.79565
  56288.7407638     3772.33274
  56288.7409118     3401.67952
  56288.7410694     3386.49110
  56288.7412174     3459.42762
  56288.7413702     3558.61487
  56288.7415183     3660.76957
  56288.7416712     3477.98321
  56288.7418239     3424.94986
  56288.7419766     3580.91459
  56288.7421295     3474.88366
  56288.7424303     3528.59956
  56288.7425830     3650.01707
  56288.7427312     3744.07603
  56288.7428840     3511.94888
  56288.7430367     3565.40946
  56288.7431895     3604.40972
  56288.7433422     3743.07941
  56288.7434903     3426.92738
  56288.7436432     3565.85858
  56288.7437959     3569.58871
  56288.7439441     3700.32709
  56288.7440968     3456.32667
  56288.7442496     3382.60493
  56288.7444024     3458.62579
  56288.7445504     3592.19296
  56288.7447033     3680.72451
  56288.7448605     3564.51392
  56288.7450088     3702.08947
  56288.7451569     3658.50678
  56288.7453097     3776.86481
  56288.7454624     3593.82557
  56288.7456151     3571.52389
  56288.7457633     3590.06393
  56288.7459161     3601.33835
  56288.7460690     3592.42466
  56288.7462216     3655.02772
  56288.7463745     3586.83123
  56288.7465225     3655.45412
  56288.7466753     3537.34178
  56288.7468281     3711.76807
  56288.7469762     3754.65591
  56288.7471290     3401.94391
  56288.7472817     3468.34891
  56288.7474346     3767.95079
  56288.7475826     3784.83704
  56288.7477354     3830.52827
  56288.7478882     3704.71858
  56288.7480409     3513.24648
  56288.7481937     3635.43198
  56288.7483417     3572.70873
  56288.7484947     3608.61876
  56288.7486474     3550.62687
  56288.7487954     3546.21192
  56288.7489482     3620.74312
  56288.7491010     3435.34489
  56288.7492537     3742.68292
  56288.7494065     3603.51741
  56288.7495594     3610.75912
  56288.7497074     3723.12803
  56288.7501611     3732.43984
  56288.7503139     3809.37774
  56288.7504666     3527.79950
  56288.7506193     3338.58067
  56288.7507675     3549.49774
  56288.7509249     3647.26725
  56288.7510730     3612.24024
  56288.7512212     3650.05837
  56288.7513740     3396.27433
  56288.7515266     3614.55061
  56288.7516794     3761.33818
  56288.7518277     3534.73639
  56288.7519804     3609.14624
  56288.7521332     3722.96477
  56288.7522859     3543.04270
  56288.7524388     3533.55800
  56288.7525868     3746.99796
  56288.7527395     3557.83409
  56288.7528923     3640.01298
  56288.7530497     3758.71714
  56288.7531933     3538.65515
  56288.7534988     3716.71891
  56288.7536469     3442.03003
  56288.7537997     3578.09798
  56288.7539524     3789.27164
  56288.7541051     3800.34329
  56288.7542534     3590.76013
  56288.7545589     3599.21643
  56288.7548598     3551.82130
  56288.7550172     3514.31849
  56288.7551652     3761.47965
  56288.7553181     3617.37241
  56288.7556190     3599.33742
  56288.7557718     3653.60252
  56288.7559244     3626.61259
  56288.7560726     3583.70432
  56288.7562254     3819.07129
  56288.7563782     3680.68704
  56288.7565310     3521.57674
  56288.7566791     3571.27343
  56288.7568319     3608.95066
  56288.7569891     3543.82809
  56288.7571373     3796.35301
  56288.7572854     3588.02191
  56288.7574383     3568.15761
  56288.7575910     3442.74637
  56288.7577437     3731.07364
  56288.7578919     3472.30976
  56288.7580446     3657.36236
  56288.7581975     3517.37458
  56288.7583501     3593.52268
  56288.7585030     3394.42332
  56288.7586510     3498.45774
  56288.7588039     3614.08351
  56288.7589566     3613.68958
  56288.7591048     3548.57475
  56288.7592621     3378.38723
  56288.7595631     3406.95247
  56288.7597111     3547.09078
  56288.7598639     3497.55711
  56288.7600167     3723.88164
  56288.7601694     3513.69516
  56288.7603176     3615.51730
  56288.7604703     3542.04099
  56288.7606231     3604.02682
  56288.7607759     3579.67570
  56288.7609241     3593.43655
  56288.7610769     3436.84906
  56288.7612295     3711.86224
  56288.7613823     3640.30162
  56288.7615350     3527.22005
  56288.7616878     3481.46839
  56288.7618360     3543.31578
  56288.7619887     3530.62932
  56288.7621370     3598.93763
  56288.7622897     3508.88745
  56288.7624425     3537.44463
  56288.7625952     3470.23528
  56288.7627433     3530.94023
  56288.7628961     3353.96879
  56288.7630488     3499.88383
  56288.7632016     3606.21762
  56288.7633544     3696.88411
  56288.7635026     3528.36888
  56288.7636553     3598.22754
  56288.7638126     3411.41506
  56288.7639562     3505.19151
  56288.7641089     3547.83398
  56288.7642617     3539.89010
  56288.7644145     3633.59178
  56288.7645673     3417.38690
  56288.7647153     3575.89944
  56288.7648681     3362.44952
  56288.7650209     3619.24772
  56288.7651689     3598.17476
  56288.7653218     3420.36371
  56288.7654745     3664.79522
  56288.7656273     3475.95529
  56288.7657755     3402.76487
  56288.7659282     3573.62580
  56288.7660809     3784.87726
  56288.7662338     3801.13739
  56288.7663866     3569.59032
  56288.7665346     3719.26820
  56288.7666875     3472.95735
  56288.7668401     3569.50586
  56288.7669884     3665.87946
  56288.7671457     3454.57489
  56288.7672937     3808.37946
  56288.7674466     3612.82131
  56288.7675993     3631.03362
  56288.7677475     3498.48321
  56288.7679003     3586.57170
  56288.7680530     3502.72840
  56288.7682012     3585.66411
  56288.7683539     3377.91599
  56288.7685067     3524.49436
  56288.7686595     3488.53234
  56288.7688077     3609.58281
  56288.7689603     3530.96433
  56288.7691131     3754.94329
  56288.7692659     3568.86688
  56288.7694140     3463.06396
  56288.7695714     3527.36091
  56288.7697195     3510.16654
  56288.7698724     3424.91423
  56288.7700250     3435.68849
  56288.7701732     3547.13022
  56288.7703260     3315.71306
  56288.7704787     3413.08628
  56288.7706315     3340.18011
  56288.7707796     3457.41406
  56288.7709325     3542.75136
  56288.7710851     3585.85688
  56288.7712334     3727.89017
  56288.7713861     3532.32330
  56288.7715388     3615.54210
  56288.7718397     3577.61393
  56288.7719925     3484.51454
  56288.7721452     3465.80014
  56288.7722980     3442.58325
  56288.7724461     3676.05113
  56288.7725989     3536.65867
  56288.7727517     3458.14260
  56288.7729045     3521.36445
  56288.7730526     3761.73474
  56288.7732100     3445.48257
  56288.7733581     3406.26448
  56288.7735108     3381.75375
  56288.7736636     3524.00012
  56288.7738118     3453.15946
  56288.7739645     3373.63728
  56288.7741172     3235.75434
  56288.7742654     3491.91251
  56288.7744182     3617.84066
  56288.7745756     3416.59641
  56288.7747237     3452.78754
  56288.7748719     3486.06953
  56288.7750247     3448.36178
  56288.7751773     3415.42710
  56288.7753302     3579.52181
  56288.7754783     3629.75677
  56288.7757838     3599.83184
  56288.7759366     3341.10547
  56288.7760894     3301.50147
  56288.7762374     3463.19036
  56288.7763903     3604.41990
  56288.7765430     3235.16165
  56288.7766959     3453.60344
  56288.7768439     3589.81788
  56288.7769967     3487.30250
  56288.7771494     3422.31546
  56288.7772976     3718.76725
  56288.7774504     3494.51723
  56288.7776031     3298.20418
  56288.7777560     3300.83921
  56288.7779040     3383.27861
  56288.7780567     3491.11083
  56288.7782096     3537.79895
  56288.7783623     3494.05057
  56288.7785104     3549.06939
  56288.7786632     3462.70419
  56288.7788160     3310.37136
  56288.7789687     3429.04455
  56288.7791214     3484.00861
  56288.7792696     3432.65688
  56288.7794224     3559.97961
  56288.7795752     3392.87939
  56288.7797279     3453.66225
  56288.7798807     3419.95914
  56288.7800288     3634.89858
  56288.7801815     3637.64214
  56288.7803297     3414.96853
  56288.7804824     3485.84824
  56288.7806353     3562.02225
  56288.7807880     3572.63595
  56288.7809362     3315.61488
  56288.7812417     3585.65329
  56288.7813945     3727.21802
  56288.7815426     3394.54336
  56288.7816954     3595.06953
  56288.7818481     3431.68416
  56288.7820008     3581.04358
  56288.7821490     3512.19101
  56288.7823018     3620.11551
  56288.7824545     3386.80691
  56288.7826073     3496.14642
  56288.7827601     3302.99593
  56288.7829082     3539.49178
  56288.7830609     3360.98754
  56288.7832138     3446.41668
  56288.7833618     3488.49696
  56288.7835147     3501.11659
  56288.7836674     3566.73093
  56288.7838201     3501.19125
  56288.7839683     3520.95275
  56288.7841210     3449.21173
  56288.7842738     3445.54029
  56288.7844265     3543.04389
  56288.7845748     3411.73294
  56288.7847275     3219.47817
  56288.7848802     3439.30954
  56288.7850330     3488.60580
  56288.7851858     3455.27462
  56288.7853386     3451.06709
  56288.7854866     3573.90846
  56288.7856395     3397.10729
  56288.7857922     3396.74434
  56288.7859403     3552.31549
  56288.7860932     3533.05570
  56288.7862458     3450.00153
  56288.7863941     3504.85813
  56288.7865468     3565.99104
  56288.7866996     3334.59493
  56288.7868522     3459.95593
  56288.7870005     3327.21773
  56288.7871532     3360.95307
  56288.7873059     3499.38066
  56288.7874587     3473.57537
  56288.7876068     3474.58178
  56288.7877597     3538.00894
  56288.7879124     3275.31616
  56288.7880652     3397.02746
  56288.7882133     3586.85657
  56288.7883660     3415.88094
  56288.7885188     3601.92926
  56288.7886715     3524.23862
  56288.7888244     3434.02459
  56288.7889725     3531.12245
  56288.7891253     3427.58058
  56288.7892780     3666.11599
  56288.7894262     3465.58120
  56288.7895835     3367.69138
  56288.7897316     3511.41147
  56288.7898845     3384.67772
  56288.7900325     3576.21021
  56288.7901854     3399.05615
  56288.7904908     3380.95151
  56288.7906390     3636.47429
  56288.7907917     3570.76278
  56288.7909445     3445.55011
  56288.7910973     3230.85728
  56288.7912454     3573.61932
  56288.7913983     3470.14564
  56288.7915510     3296.55427
  56288.7917037     3438.94474
  56288.7918564     3378.02511
  56288.7920047     3467.53324
  56288.7921574     3345.20936
  56288.7923102     3448.67985
  56288.7924583     3487.01943
  56288.7926110     3384.92927
  56288.7927638     3240.21674
  56288.7929166     3527.40329
  56288.7930647     3528.19651
  56288.7932175     3339.37134
  56288.7933702     3296.95242
  56288.7935230     3541.57154
  56288.7936712     3647.17744
  56288.7938240     3776.50982
  56288.7939767     3610.10163
  56288.7941295     3280.32849
  56288.7942775     3261.22655
  56288.7944303     3573.53327
  56288.7945831     3456.74686
  56288.7947358     3597.14297
  56288.7948886     3694.06522
  56288.7950367     3648.14082
  56288.7951895     3486.20064
  56288.7953423     3468.40199
  56288.7954903     3632.41816
  56288.7956433     3462.96783
  56288.7957959     3476.66266
  56288.7959487     3567.49487
  56288.7961014     3485.31424
  56493.6119706     3462.68397
  56493.6121230     3384.88981
  56493.6122712     3335.50822
  56493.6124240     3602.83913
  56493.6125815     3378.01041
  56493.6127296     3466.49623
  56493.6128776     3484.86577
  56493.6130352     3273.87035
  56493.6131833     3552.74120
  56493.6133361     3373.65794
  56493.6134842     3450.88579
  56493.6136416     3382.41769
  56493.6137899     3447.10170
  56493.6139426     3497.88858
  56493.6140954     3288.74113
  56493.6142435     3418.53408
  56493.6143963     3419.82109
  56493.6145492     3388.37337
  56493.6147019     3587.41526
  56493.6148501     3589.45137
  56493.6150028     3366.04938
  56493.6151557     3404.05838
  56493.6153084     3343.04868
  56493.6154611     3457.14272
  56493.6156094     3353.46606
  56493.6157622     3461.26847
  56493.6159151     3526.31024
  56493.6160631     3530.04927
  56493.6162160     3330.89953
  56493.6163687     3479.17202
  56493.6165214     3501.49705
  56493.6166696     3492.16860
  56493.6168271     3264.79924
  56493.6169753     3425.67316
  56493.6171280     3252.75041
  56493.6172763     3491.89060
  56493.6174290     3253.28631
  56493.6175817     3428.33810
  56493.6177345     3394.73299
  56493.6178827     3266.04453
  56493.6180355     3164.85291
  56493.6181882     3410.62536
  56493.6183411     3290.35565
  56493.6184939     3371.85413
  56493.6186419     3399.97373
  56493.6187948     3443.70305
  56493.6189475     3519.69927
  56493.6191004     3342.83051
  56493.6192485     3456.38865
  56493.6194060     3347.70802
  56493.6195541     3657.61557
  56493.6197023     3575.40645
  56493.6198597     3349.18418
  56493.6200124     3335.36328
  56493.6201606     3658.00375
  56493.6203088     3474.89661
  56493.6204616     3223.39827
  56493.6206144     3358.20051
  56493.6207672     3266.10377
  56493.6209153     3504.45325
  56493.6210681     3440.87940
  56493.6212209     3361.89412
  56493.6213738     3381.49720
  56493.6215264     3694.18549
  56493.6216747     3388.35176
  56493.6218275     3452.06936
  56493.6219803     3490.30146
  56493.6221283     3297.36786
  56493.6222811     3212.13001
  56493.6224340     3429.20766
  56493.6225868     3391.09743
  56493.6227349     3332.10854
  56493.6228877     3547.60306
  56493.6230406     3474.66538
  56493.6231932     3350.48173
  56493.6233415     3503.34225
  56493.6234942     3181.75508
  56493.6236470     3439.63526
  56493.6237998     3439.37462
  56493.6239479     3481.89890
  56493.6241055     3250.39151
  56493.6242535     3493.69621
  56493.6244063     3407.01532
  56493.6245591     3283.80465
  56493.6247073     3380.85150
  56493.6248601     3474.64907
  56493.6250129     3129.25017
  56493.6251611     3242.88019
  56493.6253184     3355.13845
  56493.6254665     3405.15992
  56493.6256194     3475.85479
  56493.6257674     3404.13611
  56493.6259249     3331.53409
  56493.6260731     3283.16310
  56493.6262259     3165.21773
  56493.6263740     3430.42440
  56493.6265267     3356.87037
  56493.6266796     3331.91826
  56493.6268323     3218.47810
  56493.6269807     3467.57612
  56493.6271333     3214.89236
  56493.6272861     3343.12074
  56493.6274390     3364.26910
  56493.6275917     3302.52522
  56493.6277399     3323.15708
  56493.6278927     3459.60204
  56493.6281936     3341.21593
  56493.6283465     3223.40638
  56493.6284992     3339.07368
  56493.6286519     3374.38579
  56493.6288002     3278.52936
  56493.6289528     3395.86810
  56493.6291104     3372.72086
  56493.6292585     3427.81559
  56493.6295594     3307.18330
  56493.6297122     3387.70307
  56493.6298650     3317.88386
  56493.6300132     3386.50712
  56493.6303187     3325.33537
  56493.6304715     3366.02415
  56493.6306244     3443.05588
  56493.6307725     3260.26831
  56493.6309253     3335.03590
  56493.6310780     3330.28645
  56493.6312263     3417.21215
  56493.6313790     3263.22590
  56493.6315318     3323.82133
  56493.6316846     3408.44637
  56493.6318327     3488.09014
  56493.6319902     3412.88635
  56493.6321383     3330.24414
  56493.6322912     3291.19731
  56493.6324439     3400.17134
  56493.6325921     3502.20717
  56493.6327449     3327.31777
  56493.6328977     3218.43951
  56493.6330458     3371.27822
  56493.6331987     3344.95643
  56493.6333515     3255.26840
  56493.6335041     3428.76806
  56493.6336569     3313.80914
  56493.6338051     3229.88342
  56493.6339578     3147.20073
  56493.6341107     3484.76767
  56493.6342588     3295.32413
  56493.6344117     3325.48633
  56493.6345645     3298.95364
  56493.6347173     3415.29151
  56493.6348654     3385.21725
  56493.6350182     3323.22260
  56493.6351711     3283.59226
  56493.6353238     3417.50858
  56493.6354720     3467.91644
  56493.6356247     3290.50380
  56493.6357776     3214.02512
  56493.6359303     3264.23740
  56493.6360784     3443.81997
  56493.6362313     3123.94461
  56493.6363840     3246.23054
  56493.6365369     3467.17556
  56493.6366896     3579.36077
  56493.6368377     3438.19648
  56493.6369906     3391.92692
  56493.6371434     3337.46401
  56493.6372915     3477.40441
  56493.6374442     3263.14304
  56493.6375971     3150.06817
  56493.6377498     3133.87363
  56493.6379027     3043.27894
  56493.6380508     3342.45401
  56493.6382036     3354.14235
  56493.6383565     3431.17448
  56493.6385046     3132.32396
  56493.6386574     3142.43396
  56493.6388101     3148.89952
  56493.6389629     3290.09438
  56493.6391110     3363.61270
  56493.6392638     3368.82730
  56493.6394166     3236.53882
  56493.6395695     3341.49138
  56493.6397222     3168.86932
  56493.6398704     3400.31731
  56493.6400231     3068.51048
  56493.6401760     3207.57283
  56493.6403241     3409.45354
  56493.6404769     3356.55561
  56493.6406297     3391.36630
  56493.6407825     3352.77991
  56493.6409353     3227.51187
  56493.6410835     3445.26179
  56493.6412363     3181.79292
  56493.6413890     3181.01715
  56493.6415372     3136.20310
  56493.6416900     3510.29360
  56493.6418428     3358.74168
  56493.6419956     3323.81927
  56493.6421437     3343.38875
  56493.6422966     3403.04196
  56493.6424492     3356.69484
  56493.6426020     3143.11605
  56493.6427549     3330.22498
  56493.6429029     3248.67110
  56493.6430558     3264.26844
  56493.6432085     3469.27519
  56493.6433659     3148.36146
  56493.6435095     3475.73404
  56493.6436623     3545.61481
  56493.6438151     3258.03018
  56493.6439632     3442.05933
  56493.6441161     3261.88033
  56493.6442688     3422.86546
  56493.6444217     3192.00763
  56493.6445745     3149.68944
  56493.6447227     3227.21909
  56493.6448753     3174.84008
  56493.6450282     3075.25207
  56493.6451763     3388.96241
  56493.6453338     3027.14090
  56493.6454819     3158.91831
  56493.6456346     3294.26901
  56493.6457876     3332.92972
  56493.6459356     3038.09941
  56493.6460884     3219.99047
  56493.6462412     3244.07436
  56493.6463893     3380.56439
  56493.6465422     3176.10124
  56493.6466950     3172.80093
  56493.6468478     3266.78277
  56493.6469959     3350.57271
  56493.6471533     3259.20516
  56493.6473014     3246.81570
  56493.6474543     3515.64670
  56493.6476024     3361.34242
  56493.6477552     3350.93660
  56493.6479081     3349.82398
  56493.6480608     3397.90876
  56493.6482090     3417.23181
  56493.6483617     3480.68991
  56493.6485145     3290.03177
  56493.6486673     3326.30450
  56493.6488201     3287.39318
  56493.6489730     3245.87038
  56493.6491210     3235.28323
  56493.6492737     3152.61984
  56493.6494220     3337.83237
  56493.6495747     3417.19134
  56493.6498803     3359.97379
  56493.6500285     3278.28851
  56493.6501813     3320.61275
  56493.6503341     3077.62558
  56493.6504869     3238.61988
  56493.6506351     3283.54661
  56493.6507879     3152.07057
  56493.6509406     3191.10107
  56493.6510935     3214.99132
  56493.6512415     3418.17888
  56493.6513943     3280.87135
  56493.6515472     3207.30103
  56493.6517000     3197.57805
  56493.6518527     3417.29147
  56493.6520009     3331.12217
  56493.6521538     3250.09340
  56493.6523065     3518.75560
  56493.6524546     3278.11668
  56493.6526075     3073.98160
  56493.6527602     3239.87061
  56493.6529131     3320.90903
  56493.6530612     3391.83571
  56493.6532139     3172.67014
  56493.6533668     3528.96104
  56493.6535195     3347.97276
  56493.6536677     3390.80394
  56493.6538252     3484.70421
  56493.6539731     3367.26746
  56493.6541307     3303.99598
  56493.6544270     3568.65258
  56493.6545798     3316.72180
  56493.6547326     3246.82748
  56493.6548854     3134.17088
  56493.6550334     3345.09434
  56493.6551863     3127.56157
  56493.6553390     3267.59140
  56493.6554873     3278.83716
  56493.6556400     3474.84030
  56493.6557928     3395.26915
  56493.6559456     3321.16880
  56493.6560937     3349.72475
  56493.6562466     3452.83644
  56493.6563993     3411.80768
  56493.6565522     3228.35810
  56493.6567002     3187.93607
  56493.6568578     3220.76585
  56493.6570058     3352.48723
  56493.6571586     3329.26987
  56493.6573068     3315.69635
  56493.6574642     3534.23415
  56493.6576124     3598.20011
  56493.6577651     3324.04699
  56493.6579181     3159.64305
  56493.6580661     3309.52676
  56493.6582190     3202.66418
  56493.6583717     3447.93907
  56493.6585198     3375.18223
  56493.6586727     3234.07289
  56493.6588254     3342.74517
  56493.6589783     3317.10489
  56493.6591264     3379.73173
  56493.6592792     3390.93615
  56493.6594367     3546.65460
  56493.6597330     3602.09389
  56493.6598857     3266.97761
  56493.6600385     3383.62160
  56493.6601913     3203.08656
  56493.6603394     3256.03314
  56493.6604923     3420.36462
  56493.6606450     3138.40726
  56493.6607979     3336.07806
  56493.6609506     3417.66554
  56493.6610989     3631.71461
  56493.6612515     3411.25786
  56493.6614043     3560.62692
  56493.6615525     3366.17594
  56493.6617052     3219.11536
  56493.6618581     3305.33936
  56493.6620108     3260.31610
  56493.6621590     3405.92122
  56493.6623118     3453.86956
  56493.6624646     3400.25736
  56493.6626174     3198.96922
  56493.6627655     3282.21239
  56493.6629184     3298.31021
  56493.6630711     3261.84518
  56493.6632239     3515.54403
  56493.6633722     3529.62879
  56493.6635249     3447.15539
  56493.6636777     3240.84807
  56493.6638305     3549.69151
  56493.6639832     3472.13281
  56493.6641314     3466.65832
  56493.6642841     3303.46454
  56493.6644370     3209.14970
  56493.6645851     3402.53290
  56493.6647380     3643.08073
  56493.6648953     3687.76680
  56493.6650434     3403.84517
  56493.6651917     3337.86309
  56493.6653444     3448.55338
  56493.6654972     3330.81116
  56493.6656500     3284.27539
  56493.6657982     3429.50655
  56493.6659510     3265.70420
  56493.6661036     3397.82152
  56493.6662565     3430.10467
  56493.6664093     3644.90511
  56493.6665575     3446.98114
  56493.6667102     3406.10597
  56493.6668630     3227.26513
  56493.6670159     3484.37423
  56493.6671640     3654.61136
  56493.6673168     3362.41900
  56493.6674695     3293.40974
  56493.6676178     3426.00100
  56493.6677705     3244.14248
  56493.6679233     3403.56923
  56493.6680761     3579.62874
  56493.6682242     3501.45711
  56493.6683771     3530.97949
  56493.6685298     3323.34371
  56493.6686827     3551.83013
  56493.6688307     3474.05323
  56493.6689837     3488.62182
  56493.6691364     3417.73931
  56493.6692892     3718.97030
  56493.6694373     3533.30817
  56493.6695900     3340.98723
  56493.6697430     3506.00531
  56493.6698956     3239.72556
  56493.6700485     3503.01214
  56493.6702013     3378.22357
  56493.6703494     3534.72001
  56493.6705022     3621.22481
  56493.6706503     3490.32238
  56493.6708032     3363.95947
  56493.6709560     3403.65642
  56493.6711088     3463.78417
  56493.6712569     3675.82568
  56493.6714098     3467.75537
  56493.6715625     3419.57024
  56493.6717152     3620.63422
  56493.6718635     3375.74614
  56493.6720162     3428.46711
  56493.6721691     3639.21637
  56493.6723218     3565.72196
  56493.6724700     3571.23828
  56493.6726228     3436.88341
  56493.6727755     3372.50338
  56493.6729284     3331.16455
  56493.6730811     3438.89567
  56493.6732340     3279.67976
  56493.6733820     3540.45641
  56493.6735349     3461.81755
  56493.6736876     3503.10098
  56493.6738357     3461.74270
  56493.6739886     3337.23870
  56493.6741413     3485.64186
  56493.6742895     3526.01861
  56493.6744469     3415.51872
  56493.6745951     3573.90064
  56493.6747478     3715.14471
  56493.6748960     3407.45344
  56493.6750535     3571.23979
  56493.6752016     3444.72229
  56493.6753545     3329.50702
  56493.6755025     3379.34412
  56493.6756600     3552.56947
  56493.6758082     3466.93563
  56493.6759609     3403.45689
  56493.6761137     3441.95122
  56493.6762619     3499.52243
  56493.6764148     3529.93328
  56493.6765675     3598.30426
  56493.6767156     3389.03442
  56493.6768685     3513.34660
  56493.6770212     3645.42192
  56493.6771741     3480.16639
  56493.6773222     3612.89803
  56493.6774749     3349.27956
  56493.6776277     3492.49865
  56493.6777806     3648.04758
  56493.6779287     3589.08122
  56493.6780814     3510.34612
  56493.6782343     3454.60379
  56493.6783870     3604.35683
  56493.6785399     3403.79283
  56493.6786926     3510.58776
  56493.6788407     3602.87468
  56493.6789936     3466.10877
  56493.6791464     3327.85115
  56493.6792945     3538.45285
  56493.6794473     3437.02119
  56493.6796001     3587.22529
  56493.6797483     3571.71962
  56493.6799010     3495.28368
  56493.6800538     3450.64038
  56493.6802066     3448.16561
  56493.6803548     3511.98106
  56493.6805076     3538.64275
  56493.6806604     3198.93256
  56493.6808132     3384.38157
  56493.6809613     3521.98483
  56493.6811142     3491.23563
  56493.6812669     3366.62407
  56493.6814195     3398.76596
  56493.6815679     3443.09310
  56493.6817206     3469.95259
  56493.6818734     3402.90186
  56493.6820262     3381.90490
  56493.6821790     3411.34204
  56493.6823272     3548.38389
  56493.6824798     3323.30453
  56493.6826327     3447.58385
  56493.6827808     3331.37847
  56493.6829337     3264.86338
  56493.6830865     3271.70624
  56493.6832393     3502.57483
  56493.6833874     3381.09521
  56493.6835401     3304.15595
  56493.6836930     3462.44493
  56493.6838457     3372.60448
  56493.6839940     3377.56924
  56493.6841467     3422.02868
  56493.6842996     3354.44683
  56493.6844523     3305.30155
  56493.6846050     3368.61917
  56493.6847579     3386.90200
  56493.6849060     3329.98925
  56493.6850589     3237.63781
  56493.6852116     3321.97542
  56493.6853598     3612.65480
  56493.6855126     3337.40105
  56493.6856654     3101.66719
  56493.6858136     3585.38924
  56493.6859662     3190.02196
  56493.6861191     3481.67869
  56493.6862718     3538.11788
  56493.6864246     3365.26739
  56493.6865728     3503.33270
  56493.6867302     3391.82335
  56493.6868784     3516.65664
  56493.6870265     3534.88762
  56493.6871793     3446.84189
  56493.6873321     3445.94948
  56493.6874849     3308.69688
  56493.6876378     3553.37850
  56493.6877858     3345.98662
  56493.6879387     3504.68265
  56493.6880914     3216.86015
  56493.6882441     3429.89363
  56493.6883924     3324.45032
  56493.6885452     3406.71769
  56493.6886980     3477.56622
  56493.6888554     3481.59138
  56493.6889990     3430.76660
  56493.6891563     3455.58234
  56493.6893045     3421.38057
  56493.6894573     3246.85659
  56493.6896054     3554.82223
  56493.6897582     3409.70199
  56493.6899110     3284.95882
  56493.6900639     3555.92308
  56493.6902165     3513.36265
  56493.6903648     3336.69876
  56493.6905175     3449.77961
  56493.6906703     3203.42824
  56493.6908185     3506.48655
  56493.6909712     3276.03619
  56493.6911241     3240.71804
  56493.6912768     3114.48636
  56493.6914249     3415.10185
  56493.6915778     3476.00801
  56493.6917306     3281.73165
  56493.6918834     3347.40642
  56493.6920362     3450.52942
  56493.6921843     3285.73809
  56493.6923371     3212.05770
  56493.6924899     3381.48660
  56493.6926381     3288.56993
  56493.6927908     3420.32317
  56493.6929437     3215.55550
  56493.6930964     3389.14952
  56493.6932446     3342.44167
  56493.6934021     3492.81338
  56493.6935500     3414.86031
  56493.6937030     3428.48519
  56493.6938510     3374.93346
  56493.6940040     3359.75769
  56493.6941566     3488.88965
  56493.6943094     3293.35119
  56493.6944622     3273.58286
  56493.6946150     3222.27649
  56493.6947632     3208.45907
  56493.6949159     3405.44849
  56493.6950688     3272.96681
  56493.6952169     3487.84989
  56493.6953697     3400.18747
  56493.6955225     3360.27094
  56493.6956706     3209.99335
  56493.6958235     3396.90800
  56493.6959763     3536.16578
  56493.6961290     3383.87216
  56493.6962772     3333.90812
  56493.6964300     3224.59348
  56493.6965828     3340.73146
  56493.6967355     3196.73237
  56493.6968838     3295.38301
  56493.6970365     3348.99123
  56493.6971893     3531.20559
  56493.6973420     3186.31474
  56493.6974902     3368.54641
  56493.6976431     3346.13480
  56493.6977959     3423.82439
  56493.6979486     3212.21274
  56493.6980968     3328.47720
  56493.6982495     3295.72821
  56493.6984024     3326.05051
  56493.6985552     3286.60371
  56493.6987032     3087.91518
  56493.6988607     3115.13272
  56493.6990089     3133.29843
  56493.6991617     3324.10926
  56493.6993099     3425.42145
  56493.6994627     3211.32638
  56493.6996200     3408.77995
  56493.6997681     3215.36823
  56493.6999164     3145.94931
  56493.7000691     3408.51417
  56493.7002219     3187.09626
  56493.7003748     3457.57596
  56493.7005228     3338.15604
  56493.7006758     3383.07806
  56493.7008285     3252.90107
  56493.7009813     3209.40470
  56493.7011294     3063.14068
  56493.7012868     3506.54778
  56493.7014350     3453.76269
  56493.7015877     3154.72381
  56493.7017360     3332.41102
  56493.7018887     3256.65878
  56493.7020416     3336.91662
  56493.7021943     3120.50268
  56493.7023470     3295.06706
  56493.7024953     3474.37021
  56493.7026480     3126.14385
  56493.7028008     3371.30660
  56493.7029490     3279.73771
  56493.7031019     3405.90365
  56493.7032546     3279.73888
  56493.7034073     3513.15843
  56493.7035555     3266.36004
  56493.7037082     3205.51133
  56493.7038611     3344.73609
  56493.7040139     3513.97503
  56493.7041620     3314.27814
  56493.7043194     3348.60558
  56493.7044676     3339.48221
  56493.7046205     3439.64823
  56493.7047685     3295.78053
  56493.7049214     3183.49375
  56493.7050742     3137.77160
  56493.7052270     3299.29922
  56493.7053751     3386.25970
  56493.7055278     3137.12739
  56493.7056807     3258.91242
  56493.7058335     3232.15032
  56493.7059817     3378.73432
  56493.7061344     3248.18387
  56493.7062871     3225.95347
  56493.7064401     3299.23243
  56493.7065927     3090.76249
  56493.7067410     3304.62110
  56493.7068937     3134.45068
  56493.7070466     3300.58905
  56493.7071947     3341.57726
  56493.7073475     3210.33967
  56493.7075003     2993.94552
  56493.7076530     3212.75134
  56493.7078013     3366.71384
  56493.7079587     3228.16031
  56493.7081067     3491.16750
  56493.7082596     3468.75613
  56493.7084077     3444.32508
  56493.7085606     3304.11421
  56493.7087133     3425.44107
  56493.7088660     3356.02087
  56493.7090143     3295.54101
  56493.7091670     3174.02212
  56493.7093199     3213.13978
  56493.7094726     3223.03338
  56493.7096207     3323.87183
  56493.7097736     3274.85473
  56493.7099263     3371.98790
  56493.7100792     3274.19871
  56493.7102318     3223.59016
  56493.7103848     3197.17640
  56493.7105329     3315.26086
  56493.7106856     3337.05425
  56493.7108338     3478.13954
  56493.7109866     3292.73286
  56493.7111394     3285.22936
  56493.7112921     3134.16063
  56493.7114403     3406.04120
  56493.7115931     3251.67829
  56493.7117459     3343.93651
  56493.7118988     3272.15651
  56493.7120468     3352.21677
  56493.7122043     3381.31223
  56493.7123524     3344.30120
  56493.7125052     3286.73332
  56493.7126534     3307.89345
  56493.7128108     3158.51525
  56493.7129590     3325.74974
  56493.7131118     3438.22422
  56493.7132600     3296.57434
  56493.7134173     3620.90487
  56493.7135655     3180.41434
  56493.7137182     3354.12958
  56493.7138665     3391.84882
  56493.7140192     3292.90850
  56493.7141720     3326.48714
  56493.7143249     3357.34918
  56493.7144730     3500.25350
  56493.7146257     3319.91061
  56493.7147786     3348.81107
  56493.7149313     3348.47582
  56493.7150794     3430.12083
  56493.7152323     3318.81003
  56493.7153850     3226.19675
  56493.7155379     3358.07951
  56493.7156860     3432.14176
  56493.7158389     3358.34475
  56493.7159916     3151.49341
  56493.7161444     3396.72919
  56493.7162926     3513.72192
  56493.7164499     3061.81261
  56493.7165982     3461.15788
  56493.7167509     3326.00834
  56493.7168991     3123.29657
  56493.7170519     3528.95513
  56493.7172047     3565.21610
  56493.7173575     3339.05785
  56493.7175057     3486.30346
  56493.7176584     3252.94450
  56493.7178111     3391.15701
  56493.7179640     3290.81614
  56493.7181121     3379.99203
  56493.7182650     3373.25530
  56493.7184177     3563.95678
  56493.7185704     3275.31232
  56493.7187186     3455.48709
  56493.7188714     3254.33191
  56493.7190243     3214.95059
  56493.7191770     3332.98870
  56493.7193252     3436.56353
  56493.7194826     3387.06995
  56493.7196306     3482.97644
  56493.7197835     3378.06723
  56493.7199316     3338.04151
  56493.7200846     3301.15014
  56493.7202372     3454.09657
  56493.7203900     3317.31144
  56493.7205382     3427.23168
  56493.7206910     3432.83750
  56493.7208438     3431.73481
  56493.7209965     3627.75720
  56493.7211494     3453.19630
  56493.7212975     3366.95079
  56493.7214504     3305.15961
  56493.7216031     3449.92985
  56493.7217513     3468.76639
  56493.7219041     3368.17635
  56493.7220569     3320.10744
  56493.7222097     3477.90912
  56493.7223578     3365.61179
  56493.7225106     3489.85907
  56493.7226634     3335.84354
  56493.7228161     3414.34255
  56493.7229689     3393.45495
  56493.7231171     3453.88205
  56493.7232699     3472.90315
  56493.7234227     3333.97298
  56493.7235709     3367.01879
  56493.7237236     3519.46219
  56493.7238764     3481.42369
  56493.7240292     3459.92816
  56493.7241773     3394.51817
  56493.7243302     3266.30039
  56493.7244829     3428.84561
  56493.7246357     3475.07791
  56493.7247885     3354.83066
  56493.7249413     3366.93181
  56493.7250895     3580.33853
  56493.7252423     3385.08957
  56493.7253905     3358.17766
  56493.7255432     3432.86709
  56493.7256960     3334.01751
  56493.7258488     3427.85064
  56493.7259970     3508.67468
  56493.7261497     3424.69373
  56493.7263026     3337.56159
  56493.7264554     3483.58332
  56493.7266034     3579.62798
  56493.7267563     3432.16001
  56493.7269090     3416.63257
  56493.7270618     3506.43672
  56493.7272099     3475.71045
  56493.7273627     3513.41976
  56493.7275156     3303.92813
  56493.7276684     3409.12470
  56493.7278165     3410.33592
  56493.7279693     3399.58635
  56493.7281220     3536.67393
  56493.7282749     3383.51956
  56493.7284230     3333.31620
  56493.7285759     3398.89905
  56493.7287286     3456.63483
  56493.7288814     3442.05317
  56493.7290342     3480.84888
  56493.7291823     3568.02094
  56493.7293352     3488.48844
  56493.7294880     3232.08146
  56493.7296362     3530.87301
  56493.7297889     3530.05158
  56493.7299416     3340.61771
  56493.7300945     3364.77476
  56493.7302426     3453.43808
  56493.7303954     3282.71686
  56493.7305483     3554.47765
  56493.7307010     3325.51263
  56493.7308491     3519.97343
  56493.7310019     3402.37061
  56493.7311547     3369.85762
  56493.7313074     3658.44036
  56493.7314603     3275.90114
  56493.7316085     3339.17112
  56493.7317612     3311.65813
  56493.7319141     3432.97280
  56493.7320621     3502.01221
  56493.7322150     3419.05131
  56493.7323678     3578.63766
  56493.7325205     3475.98652
  56493.7326687     3517.24779
  56493.7328214     3341.72520
  56493.7329743     3375.41537
  56493.7331270     3400.79572
  56493.7332753     3492.04483
  56493.7334280     3588.29587
  56493.7335809     3275.41662
  56493.7337336     3315.83004
  56493.7338817     3337.21154
  56493.7340346     3535.12008
  56493.7341873     3546.31401
  56493.7343448     3467.36507
  56493.7344929     3273.56212
  56493.7346411     3415.04455
  56493.7347939     3485.83644
  56493.7349465     3424.74054
  56493.7350948     3456.37484
  56493.7352476     3419.45604
  56493.7354005     3577.70991
  56493.7355531     3451.90458
  56493.7357013     3490.39039
  56493.7358541     3250.36079
  56493.7360068     3378.29138
  56493.7361597     3504.93056
  56493.7363078     3652.90132
  56493.7364607     3354.48402
  56493.7366134     3476.58621
  56493.7367662     3413.31082
  56493.7369144     3614.88886
  56493.7370672     3335.52490
  56493.7372200     3504.00667
  56493.7373727     3269.86951
  56493.7375209     3595.81287
  56493.7376738     3421.75201
  56493.7378264     3535.10654
  56493.7379793     3410.92775
  56493.7381321     3344.68515
  56493.7382802     3665.82851
  56493.7384330     3248.74944
  56493.7385858     3437.00791
  56493.7387340     3396.94584
  56493.7388868     3479.34591
  56493.7390396     3316.53822
  56493.7391923     3480.95931
  56493.7393405     3624.08082
  56493.7394933     3242.51564
  56493.7397989     3500.10876
  56493.7399470     3437.31481
  56493.7401045     3254.93219
  56493.7402525     3508.81407
  56493.7404054     3279.77556
  56493.7405535     3357.27276
  56493.7407063     3321.70866
  56493.7408592     3357.64940
  56493.7410119     3592.19784
  56493.7411600     3403.30454
  56493.7413129     3501.44507
  56493.7414656     3627.97134
  56493.7416185     3442.10284
  56493.7417665     3620.03689
  56493.7419194     3182.67230
  56493.7420722     3358.33789
  56493.7422248     3318.15222
  56493.7423778     3542.17767
  56493.7425259     3347.26007
  56493.7426788     3391.25718
  56493.7428314     3114.14755
  56493.7429843     3254.00768
  56493.7431324     3567.21277
  56493.7432853     3546.98955
  56493.7434381     3326.62375
  56493.7435860     3191.26057
  56493.7437390     3249.34921
  56493.7438917     3339.71911
  56493.7440445     3563.33218
  56493.7441926     3395.63089
  56493.7443455     3285.21713
  56493.7444982     3333.62939
  56493.7446510     3356.60607
  56493.7447992     3291.65963
  56493.7449566     3163.37240
  56493.7451094     3281.57771
  56493.7452576     3445.80322
  56493.7454057     3278.63655
  56493.7455586     3344.20844
  56493.7457113     3519.14086
  56493.7458642     3323.90352
  56493.7460169     3185.93792
  56493.7461651     3441.67803
  56493.7463178     3526.73033
  56493.7464706     3394.31476
  56493.7466188     3487.57959
  56493.7467715     3138.54638
  56493.7469244     3408.97020
  56493.7470772     3244.04132
  56493.7472253     3629.45700
  56493.7475309     3533.19538
  56493.7476837     3335.91143
  56493.7478319     3453.01031
  56493.7479847     3356.22603
  56493.7481375     3226.29645
  56493.7482902     3259.83936
  56493.7484384     3331.55294
  56493.7485912     3438.65685
  56493.7487440     3162.91001
  56493.7488967     3512.64375
  56493.7490449     3318.45783
  56493.7491977     3283.17193
  56493.7493504     3307.46366
  56493.7495032     3483.00001
  56493.7496514     3514.77340
  56493.7498089     3141.10992
  56493.7499569     3442.62074
  56493.7501098     3296.47685
  56493.7502626     3278.34816
  56493.7504107     3313.61559
  56493.7505635     3291.38873
  56493.7507163     3369.29058
  56493.7508645     3529.55658
  56493.7510173     3270.82596
  56493.7511700     3349.44463
  56493.7513228     3332.07206
  56493.7514756     3557.10919
  56493.7516238     3397.64038
  56493.7517766     3276.65542
  56493.7519293     3269.12647
  56493.7520776     3420.65512
  56493.7522303     3509.28544
  56493.7523832     3512.85649
  56493.7525359     3315.57883
  56493.7526840     3331.15852
  56493.7528368     3281.26707
  56493.7529896     3511.42567
  56493.7531424     3310.90787
  56493.7532905     3228.09195
  56493.7534434     3290.60989
  56493.7535962     3315.59548
  56493.7537490     3350.95056
  56493.7538970     3404.79034
  56493.7540498     3404.28168
  56493.7542027     3411.72292
  56493.7543555     3276.62953
  56493.7545037     3356.27300
  56493.7546563     3429.54005
  56493.7548092     3327.07662
  56493.7549620     3201.12819
  56493.7551101     3209.06843
  56493.7552629     3346.07081
  56493.7554157     3246.77941
  56493.7555686     3146.78856
  56493.7557167     3403.44107
  56493.7558741     3114.76985
  56493.7560222     3388.38199
  56493.7561750     3174.53192
  56493.7563232     3448.00480
  56493.7564759     3402.94080
  56493.7566288     3316.42189
  56493.7569297     3385.72360
  56493.7570826     3225.06523
  56493.7572353     3250.81049
  56493.7573881     3117.07528
  56493.7575363     3222.85436
  56493.7576890     3265.70116
  56493.7578419     3293.50615
  56493.7579946     3432.07327
  56493.7581428     3542.03240
  56493.7582956     3326.59855
  56493.7584483     3259.59920
  56493.7586011     3281.71967
  56493.7587540     3247.93767
  56493.7589021     3425.84314
  56493.8545759     3573.25326
  56493.8547284     3398.30235
  56493.8548812     3269.11911
  56493.8550294     3354.01737
  56493.8551914     3439.60011
  56493.8553349     3465.48302
  56493.8554878     3424.86487
  56493.8556405     3371.74618
  56493.8557886     3432.16299
  56493.8559414     3190.06943
  56493.8560942     3316.20534
  56493.8562424     3348.22208
  56493.8563951     3342.32241
  56493.8565479     3356.85563
  56493.8567007     3339.65193
  56493.8568490     3407.94225
  56493.8570017     3412.07093
  56493.8571545     3250.07052
  56493.8573073     3317.40718
  56493.8574600     3371.18333
  56493.8576082     3411.33289
  56493.8577610     3129.47466
  56493.8579138     3165.32151
  56493.8580619     3405.26049
  56493.8582147     3265.20429
  56493.8583676     3291.81254
  56493.8585202     3379.38949
  56493.8586732     3351.30988
  56493.8588213     3423.24634
  56493.8589741     3304.28783
  56493.8591268     3250.57247
  56493.8592795     3359.73245
  56493.8594278     3420.22440
  56493.8595806     3285.74926
  56493.8597335     3318.68230
  56493.8598815     3372.06610
  56493.8600344     3170.39252
  56493.8601871     3322.30739
  56493.8603398     3281.84662
  56493.8604927     3391.98616
  56493.8606409     3488.48906
  56493.8607937     3526.62637
  56493.8609464     3421.29425
  56493.8610991     3297.06497
  56493.8612473     3385.72710
  56493.8614002     3367.72354
  56493.8615530     3289.33930
  56493.8617010     3262.77596
  56493.8618539     3340.73741
  56493.8620113     3145.05583
  56493.8621594     3273.23882
  56493.8623077     3102.29407
  56493.8624650     3187.02322
  56493.8626132     3284.79689
  56493.8627660     3239.32854
  56493.8629141     3233.92457
  56493.8630715     3337.95552
  56493.8632198     3344.31568
  56493.8633726     3361.63393
  56493.8635254     3219.97341
  56493.8636735     3255.79988
  56493.8638263     3379.62175
  56493.8639791     3298.84617
  56493.8641271     3187.18674
  56493.8642801     3210.22230
  56493.8644328     3320.51105
  56493.8645856     3389.06314
  56493.8647384     3153.47669
  56493.8648865     3410.16822
  56493.8650393     3379.72876
  56493.8651922     3382.79754
  56493.8653402     3346.58664
  56493.8654931     3330.98318
  56493.8656458     3518.75833
  56493.8657986     3128.45968
  56493.8659515     3279.51024
  56493.8660996     3366.42637
  56493.8662524     3335.06451
  56493.8664051     3259.37071
  56493.8665580     3189.68164
  56493.8667061     3293.28586
  56493.8668590     3263.84328
  56493.8670117     3347.09588
  56493.8671598     3190.20818
  56493.8673127     3363.29816
  56493.8674654     3411.07651
  56493.8676182     3229.21190
  56493.8677663     3459.13545
  56493.8679192     3352.40651
  56493.8680765     3430.92910
  56493.8682247     3200.61753
  56493.8683729     3146.26472
  56493.8685257     3430.11535
  56493.8686784     3364.88893
  56493.8688312     3398.67295
  56493.8689793     3367.41112
  56493.8691322     3228.96770
  56493.8692850     3346.73535
  56493.8694378     3418.64448
  56493.8695905     3436.16241
  56493.8697388     3098.69732
  56493.8698915     3178.29494
  56493.8700442     3092.10189
  56493.8701924     3083.49644
  56493.8703452     3066.85139
  56493.8704981     3188.94622
  56493.8706508     3155.11397
  56493.8707990     3202.57599
  56493.8709518     3248.63066
  56493.8711046     3276.31480
  56493.8712574     3156.40127
  56493.8714055     3266.99699
  56493.8715630     3284.33218
  56493.8717111     3344.53001
  56493.8718639     3111.36359
  56493.8720120     3249.32396
  56493.8721648     3249.49369
  56493.8723176     3266.11891
  56493.8724704     3338.34698
  56493.8726232     3300.36904
  56493.8727713     3397.37508
  56493.8729240     3320.57987
  56493.8730770     3285.93379
  56493.8732251     3374.37260
  56493.8733826     3208.67783
  56493.8735307     3438.94673
  56493.8736835     3212.22659
  56493.8738315     3331.93497
  56493.8739845     3164.51867
  56493.8741418     3334.86640
  56493.8742900     3180.41645
  56493.8744382     3204.88956
  56493.8745909     3049.51962
  56493.8748965     3040.61749
  56493.8750447     3357.55617
  56493.8751975     3361.07081
  56493.8753502     3285.76917
  56493.8755031     3304.78060
  56493.8756557     3493.54967
  56493.8758040     3242.57142
  56493.8759567     3458.97136
  56493.8761096     3247.56670
  56493.8762577     3047.34585
  56493.8764105     3311.03631
  56493.8765633     3384.91952
  56493.8767161     3121.56336
  56493.8768642     3285.44672
  56493.8770170     3169.01062
  56493.8771698     3000.89044
  56493.8773226     3266.61088
  56493.8774708     3149.61542
  56493.8776235     3233.92126
  56493.8777763     3265.98802
  56493.8779291     3292.90233
  56493.8780819     3301.40929
  56493.8782300     3297.32770
  56493.8783829     3294.43394
  56493.8785356     3326.30259
  56493.8786885     3332.96455
  56493.8788366     3105.55267
  56493.8789894     3333.89391
  56493.8791422     3248.09340
  56493.8792904     3281.02499
  56493.8794478     3143.18684
  56493.8795959     3228.47159
  56493.8797488     3429.96480
  56493.8798969     3192.84690
  56493.8800497     3340.44904
  56493.8802024     3213.14114
  56493.8803553     3168.35303
  56493.8805034     3275.61726
  56493.8806561     3362.50925
  56493.8808089     3339.03910
  56493.8809617     3176.01131
  56493.8811100     3287.10354
  56493.8812627     3296.71557
  56493.8814155     3399.06312
  56493.8815683     3258.36733
  56493.8817211     3402.60876
  56493.8818692     3276.19762
  56493.8820220     3406.39911
  56493.8821748     3046.15237
  56493.8823230     3321.86974
  56493.8824757     3260.80341
  56493.8826286     3254.99626
  56493.8827813     3320.83759
  56493.8829341     3129.04069
  56493.8830824     3272.68367
  56493.8832351     3322.84657
  56493.8833878     3136.36378
  56493.8836889     3384.74209
  56493.8838416     3395.28979
  56493.8839943     3265.30675
  56493.8841426     3233.42447
  56493.8842954     3185.22755
  56493.8844480     3158.78325
  56493.8846009     3094.00404
  56493.8847536     3403.76358
  56493.8849018     3143.45499
  56493.8850547     3253.10917
  56493.8852075     3400.35304
  56493.8853602     3221.47419
  56493.8855083     3452.06505
  56493.8856611     3146.90277
  56493.8858139     3291.43598
  56493.8859621     3437.31794
  56493.8861196     3433.46126
  56493.8862676     3286.77122
  56493.8864205     3210.20888
  56493.8865686     3242.46414
  56493.8867215     3298.78374
  56493.8868742     3494.24321
  56493.8870270     3420.44578
  56493.8871752     3405.83070
  56493.8873279     3366.79890
  56493.8874854     3333.54037
  56493.8876335     3480.22947
  56493.8877864     3418.35812
  56493.8879345     3372.08546
  56493.8880872     3251.41510
  56493.8882400     3224.98744
  56493.8883881     3357.69161
  56493.8885410     3280.97085
  56493.8886938     3362.93494
  56493.8888467     3311.20547
  56493.8889947     3385.49878
  56493.8891475     3227.18089
  56493.8893003     3190.69447
  56493.8894530     3303.01770
  56493.8896060     3292.69310
  56493.8897540     3146.00615
  56493.8899114     3214.05302
  56493.8900596     3337.11404
  56493.8902077     3092.79119
  56493.8903606     3297.40073
  56493.8905133     3284.09335
  56493.8906662     3264.83742
  56493.8908189     3322.76342
  56493.8909670     3390.07674
  56493.8911200     3478.59850
  56493.8912727     3298.20254
  56493.8914208     3116.80967
  56493.8915783     3220.25710
  56493.8917263     3212.14364
  56493.8918792     3177.82833
  56493.8920274     3371.90964
  56493.8921802     3442.50850
  56493.8923329     3375.99618
  56493.8924858     3397.94404
  56493.8926339     3262.49773
  56493.8927868     3566.32177
  56493.8929394     3195.49466
  56493.8930922     3238.30130
  56493.8932405     3290.13886
  56493.8933932     3232.55159
  56493.8935460     3373.16123
  56493.8936988     3416.96026
  56493.8938516     3199.91899
  56493.8939997     3357.31363
  56493.8941525     3473.22647
  56493.8943053     3356.59921
  56493.8944535     3450.57532
  56493.8946063     3446.99375
  56493.8947590     3332.25989
  56493.8949119     3193.78270
  56493.8950600     3386.77757
  56493.8952128     3228.11520
  56493.8953655     3120.84249
  56493.8955184     3196.98089
  56493.8956665     3386.75548
  56493.8958240     3397.82398
  56493.8959721     3280.55397
  56493.8961248     3274.66478
  56493.8962730     3471.09946
  56493.8964259     3289.19964
  56493.8967314     3259.05661
  56493.8968842     3452.22994
  56493.8970322     3428.74815
  56493.8971852     3465.01390
  56493.8973379     3240.41910
  56493.8974861     3353.81161
  56493.8976389     3337.15286
  56493.8977918     3292.01817
  56493.8979444     3356.55136
  56493.8980927     3250.13308
  56493.8982455     3257.55017
  56493.8983982     3179.14223
  56493.8985510     3400.43413
  56493.8986991     3451.91878
  56493.8988520     3242.34535
  56493.8990048     3384.67603
  56493.8991575     3343.73563
  56493.8993103     3435.44459
  56493.8996113     3483.10788
  56493.8997640     3239.75723
  56493.8999167     3567.77757
  56493.9000650     3356.37574
  56493.9002177     3366.42949
  56493.9003706     3397.68486
  56493.9005186     3293.84759
  56493.9008243     3310.79747
  56493.9009771     3173.85190
  56493.9011252     3343.74208
  56493.9012779     3449.62974
  56493.9014309     3408.30747
  56493.9015835     3286.01392
  56493.9017318     3505.38062
  56493.9018845     3480.74975
  56493.9020374     3387.97049
  56493.9021901     3358.09953
  56493.9023382     3508.89752
  56493.9024911     3414.96522
  56493.9026438     3408.74282
  56493.9027967     3682.25368
  56493.9029494     3440.63780
  56493.9030977     3356.91675
  56493.9032503     3426.17631
  56493.9034032     3383.31193
  56493.9035514     3238.47014
  56493.9037041     3487.03840
  56493.9038570     3260.87148
  56493.9040097     3350.65042
  56493.9041579     3244.64616
  56493.9043153     3318.83128
  56493.9044634     3271.30993
  56493.9046162     3367.92412
  56493.9047644     3481.89014
  56493.9049172     3327.12200
  56493.9050699     3504.63903
  56493.9052228     3613.62940
  56493.9053756     3334.47388
  56493.9055236     3365.16402
  56493.9056765     3469.65313
  56493.9058293     3265.84195
  56493.9059821     3526.83616
  56493.9061302     3391.60481
  56493.9062830     3438.72458
  56493.9064358     3501.57244
  56493.9065840     3473.52131
  56493.9067414     3183.25649
  56493.9068895     3480.45274
  56493.9070423     3411.76979
  56493.9071905     3421.66688
  56493.9073433     3506.46927
  56493.9075008     3337.58405
  56493.9076489     3399.05766
  56493.9077970     3322.56210
  56493.9079499     3346.87407
  56493.9081026     3528.58938
  56493.9082553     3299.20921
  56493.9084035     3456.70272
  56493.9085564     3565.08198
  56493.9087091     3433.32099
  56493.9088619     3446.17034
  56493.9090147     3408.17357
  56493.9091628     3325.21071
  56493.9093156     3514.23942
  56493.9094684     3480.15858
  56493.9096166     3488.64481
  56493.9097694     3352.42266
  56493.9100749     3365.38309
  56493.9102232     3390.42041
  56493.9103759     3477.90383
  56493.9105287     3497.58338
  56493.9106815     3579.17468
  56493.9108296     3422.69676
  56493.9109870     3440.08420
  56493.9111352     3320.72644
  56493.9112880     3487.81657
  56493.9114409     3472.99540
  56493.9115889     3526.71544
  56493.9117418     3358.52272
  56493.9118946     3365.75455
  56493.9120472     3232.12623
  56493.9123482     3319.46568
  56493.9125012     3399.52883
  56493.9126492     3485.65912
  56493.9128020     3334.10567
  56493.9129548     3350.54044
  56493.9131075     3257.13116
  56493.9132605     3442.42635
  56493.9134084     3308.53175
  56493.9135614     3550.69278
  56493.9137141     3361.52457
  56493.9138668     3302.61466
  56493.9140197     3482.76890
  56493.9141678     3471.57348
  56493.9143207     3279.93921
  56493.9144688     3467.15850
  56493.9146217     3290.65902
  56493.9147743     3343.30420
  56493.9149271     3444.44768
  56493.9150800     3426.43708
  56493.9152280     3463.58726
  56493.9153810     3341.72465
  56493.9155337     3398.16854
  56493.9156819     3348.06273
  56493.9158393     3371.36007
  56493.9159873     3481.25735
  56493.9161402     3303.57355
  56493.9162929     3270.77381
  56493.9164458     3342.09863
  56493.9165939     3310.99706
  56493.9167467     3393.71569
  56493.9168948     3262.95381
  56493.9170477     3312.57304
  56493.9172004     3180.25362
  56493.9173532     3259.13706
  56493.9175014     3192.21889
  56493.9176588     3422.27409
  56493.9178070     3162.39720
  56493.9179597     3437.41466
  56493.9181125     3257.07698
  56493.9182653     3363.70249
  56493.9184135     3541.30396
  56493.9185663     3400.15926
  56493.9187144     3380.69792
  56493.9188673     3409.64244
  56493.9190200     3328.23158
  56493.9191727     3466.26166
  56493.9193210     3596.41455
  56493.9194738     3410.65218
  56493.9196265     3359.33352
  56493.9197793     3462.25126
  56493.9199274     3151.01273
  56493.9200803     3350.85728
  56493.9202331     3475.35969
  56493.9203860     3224.12028
  56493.9205340     3507.44793
  56493.9206867     3409.95851
  56493.9208397     3134.46596
  56493.9209924     3267.03002
  56493.9211452     3394.12723
  56493.9212933     3182.88583
  56493.9214461     3390.91040
  56493.9215989     3423.36698
  56493.9217516     3451.14337
  56493.9218999     3395.27080
  56493.9220526     3448.46061
  56493.9222102     3432.50392
  56493.9223535     3535.23924
  56493.9225110     3224.99562
  56493.9226592     3163.11029
  56493.9228119     3481.27854
  56493.9229602     3418.90880
  56493.9231129     3282.29251
  56493.9232657     3212.36757
  56493.9234185     3200.78316
  56493.9235668     3293.28669
  56493.9237195     3461.32099
  56493.9238723     3238.91106
  56493.9240251     3536.22748
  56493.9241778     3380.73474
  56493.9243261     3327.19766
  56493.9244788     3307.64833
  56493.9246315     3263.46433
  56493.9247797     3264.46567
  56493.9249325     3416.50696
  56493.9250853     3567.02830
  56493.9252381     3331.59623
  56493.9253863     3398.41930
  56493.9255391     3384.90639
  56493.9256917     3121.82899
  56493.9258446     3282.38918
  56493.9261455     3351.41444
  56493.9262983     3315.01234
  56493.9264512     3469.41789
  56493.9265993     3409.56011
  56493.9267521     3251.27750
  56493.9269048     3243.41846
  56493.9270576     3240.57538
  56493.9272104     3236.92729
  56493.9273586     3417.78198
  56493.9275114     3353.54225
  56493.9276642     3396.82979
  56493.9278124     3570.35316
  56493.9279651     3497.92648
  56493.9281178     3282.48945
  56493.9282707     3339.19254
  56493.9284235     3615.20711
  56493.9285717     3340.28735
  56493.9287244     3574.14160
  56493.9288773     3397.63313
  56493.9290253     3336.69986
  56493.9291782     3270.64977
  56493.9293309     3439.68762
  56493.9294837     3208.89950
  56493.9296319     3298.80869
  56493.9297847     3103.15889
  56493.9299375     3356.76205
  56493.9300902     3165.58059
  56493.9302430     3159.63229
  56493.9303912     3139.70386
  56493.9305440     3362.08216
  56493.9306968     3272.91766
  56493.9308449     3108.07001
  56493.9309978     3356.16791
  56493.9311505     3225.80603
  56493.9313033     3214.39297
  56493.9314561     3169.88030
  56493.9316089     3266.57576
  56493.9317570     3376.72617
  56493.9319099     3274.20270
  56493.9320581     3201.88087
  56493.9322108     3197.16271
  56493.9323636     3277.19261
  56493.9325164     3304.08656
  56493.9326691     3392.01878
  56493.9328174     3309.60415
  56493.9331229     3184.02183
  56493.9332757     3264.16432
  56493.9334238     3442.05211
  56493.9335766     3290.35506
  56493.9337295     3454.62653
  56493.9338775     3260.43723
  56493.9340304     3342.98014
  56493.9341831     3510.16807
  56493.9343360     3255.05815
  56493.9344887     3223.77632
  56493.9346369     3262.99250
  56493.9347943     3271.55990
  56493.9349424     3262.51900
  56493.9350953     3205.96599
  56493.9352433     3312.30810
  56493.9354055     3286.44432
  56493.9355490     3274.74610
  56493.9357018     3312.28618
  56493.9358499     3315.84705
  56493.9360027     3359.62066
  56493.9361556     3292.27521
  56493.9363082     3226.09883
  56493.9364611     3456.08953
  56493.9366092     3065.38241
  56493.9367620     3313.07784
  56493.9369148     3289.06983
  56493.9370630     3186.94578
  56493.9372158     3243.40628
  56493.9373685     3220.18374
  56493.9375213     3438.14773
  56493.9376696     3162.19257
  56493.9378222     3277.14670
  56493.9379751     3245.80986
  56493.9381278     3459.39079
  56493.9382760     3248.25488
  56493.9384288     3263.46152
  56493.9385816     3308.94734
  56493.9387344     3367.22146
  56493.9388872     3139.98933
  56493.9390353     3415.02488
  56493.9391881     3488.87921
  56493.9393410     3427.96620
  56493.9394937     3080.98031
  56493.9396419     3215.97622
  56493.9397947     3113.97838
  56493.9399474     3329.13044
  56493.9400956     3288.19582
  56493.9402484     3252.16959
  56493.9404012     3310.12958
  56493.9405540     3058.13635
  56493.9407022     3209.18067
  56493.9408549     3477.99263
  56493.9410077     3408.78393
  56493.9411606     3261.23636
  56493.9413087     3097.12961
  56493.9414615     3333.57409
  56493.9416143     3464.36143
  56493.9417670     3323.12141
  56493.9419152     3219.45677
  56493.9420680     3247.47777
  56493.9422207     3250.94208
  56493.9423735     3266.07719
  56493.9425217     3143.81782
  56493.9426745     3328.24903
  56493.9428272     3389.87849
  56493.9429801     3517.58219
  56493.9431282     3191.80535
  56496.6297003     3456.71992
  56496.6298525     3382.94014
  56496.6300054     3315.44282
  56496.6301581     3233.55637
  56496.6303064     3291.85281
  56496.6304591     3328.96669
  56496.6306073     3269.64337
  56496.6307601     3314.97825
  56496.6309128     3146.78250
  56496.6310656     3469.70741
  56496.6312184     3371.84046
  56496.6313665     3130.85128
  56496.6315241     3374.09432
  56496.6316721     3167.57056
  56496.6318203     3285.00170
  56496.6319731     3430.49219
  56496.6321260     3308.29502
  56496.6322786     3192.45597
  56496.6324314     3411.94107
  56496.6325796     3400.43393
  56496.6327323     3359.55356
  56496.6328852     3390.57467
  56496.6330379     3305.21215
  56496.6331909     3296.63583
  56496.6333389     3338.31313
  56496.6334916     3403.26508
  56496.6336445     3245.60582
  56496.6337926     3329.69029
  56496.6339455     3329.70762
  56496.6340982     3463.02370
  56496.6342464     3252.33064
  56496.6343992     3357.67773
  56496.6345521     3126.98188
  56496.6347047     3173.51269
  56496.6348576     3430.83260
  56496.6350057     3287.42210
  56496.6351631     3299.02655
  56496.6353113     3225.97617
  56496.6354641     3246.95954
  56496.6356122     3206.65620
  56496.6357651     3123.68889
  56496.6359177     3317.07124
  56496.6360706     3327.58157
  56496.6362234     3122.75178
  56496.6363716     3173.70621
  56496.6365243     3309.87690
  56496.6366770     3325.56000
  56496.6368299     3189.98396
  56496.6369826     3230.30160
  56496.6371309     3247.19355
  56496.6372790     3073.31335
  56496.6374317     3303.86612
  56496.6375846     3123.71291
  56496.6377374     3280.68634
  56496.6378902     3418.12014
  56496.6380383     3127.80932
  56496.6381912     3275.40441
  56496.6383440     3298.25817
  56496.6384967     3130.68592
  56496.6386448     3118.29138
  56496.6387976     3263.85629
  56496.6389505     3415.43244
  56496.6391033     3239.94513
  56496.6392514     3365.33351
  56496.6394042     3109.21994
  56496.6395569     3202.34469
  56496.6397098     3372.55446
  56496.6398579     3382.50049
  56496.6400106     3406.21644
  56496.6401635     3310.15741
  56496.6403163     3298.97884
  56496.6404644     3268.55223
  56496.6406171     3236.47999
  56496.6407701     3285.93288
  56496.6409228     3168.80277
  56496.6410710     3406.34413
  56496.6412237     3254.60460
  56496.6415293     3439.39392
  56496.6416775     3238.79624
  56496.6418349     3436.28363
  56496.6419830     3338.17429
  56496.6421359     3363.04047
  56496.6422840     3382.75879
  56496.6424367     3302.64552
  56496.6425896     3242.35488
  56496.6427424     3343.80722
  56496.6428905     3184.27071
  56496.6430433     3341.66558
  56496.6431960     3237.64226
  56496.6433489     3043.70852
  56496.6434970     3151.10853
  56496.6436499     3344.43977
  56496.6438026     3283.69782
  56496.6439554     3152.84095
  56496.6441036     3151.48342
  56496.6442564     3232.00410
  56496.6444092     3036.48365
  56496.6445619     3217.74640
  56496.6447102     3236.01473
  56496.6448629     3288.96925
  56496.6450157     3405.57981
  56496.6451684     3118.55083
  56496.6453166     3159.74556
  56496.6454695     3198.74935
  56496.6456222     3211.30889
  56496.6457749     3128.52639
  56496.6459232     3312.97888
  56496.6460760     3132.37769
  56496.6462288     3369.87645
  56496.6463815     3358.79634
  56496.6465297     3287.55577
  56496.6466871     3419.08414
  56496.6468353     3308.12302
  56496.6469880     3248.26749
  56496.6471362     3257.21976
  56496.6472890     3159.04260
  56496.6474418     3348.78151
  56496.6475946     3263.23233
  56496.6477427     3297.92289
  56496.6478956     3159.93724
  56496.6480483     3114.93507
  56496.6482010     3420.14194
  56496.6483492     3004.60340
  56496.6485021     3282.73696
  56496.6486549     3174.47432
  56496.6488077     3101.62803
  56496.6489604     3157.94382
  56496.6491086     3344.21395
  56496.6492613     3179.31010
  56496.6494141     3188.82365
  56496.6495669     3501.81230
  56496.6497151     3280.86869
  56496.6498679     3404.10097
  56496.6500207     3328.69851
  56496.6501688     3321.99248
  56496.6503262     3272.30871
  56496.6504745     3313.59241
  56496.6506272     3296.85778
  56496.6507754     3377.46139
  56496.6509281     3333.53033
  56496.6510809     3220.61700
  56496.6512338     3481.00659
  56496.6513818     3150.18551
  56496.6515347     3210.83807
  56496.6516875     3266.26711
  56496.6518403     3364.68317
  56496.6519884     3330.10135
  56496.6521411     3287.29688
  56496.6522940     3367.82946
  56496.6524468     3313.45592
  56496.6525950     3383.92344
  56496.6527477     3242.40410
  56496.6529004     3228.28780
  56496.6530534     3575.58665
  56496.6532014     3329.27815
  56496.6533543     3292.25567
  56496.6535070     3234.06499
  56496.6536598     3232.92739
  56496.6538080     3364.68269
  56496.6539608     3180.01726
  56496.6541135     3360.74376
  56496.6542663     3125.87247
  56496.6544146     3247.97691
  56496.6545672     3172.34821
  56496.6547202     3223.62461
  56496.6550210     3515.05273
  56496.6551739     3368.67731
  56496.6553266     3195.12590
  56496.6554794     3511.04545
  56496.6556321     3263.34988
  56496.6557803     3372.96132
  56496.6559332     3339.16605
  56496.6560859     3272.38792
  56496.6562341     3333.50450
  56496.6563869     3291.72083
  56496.6565397     3313.90935
  56496.6566924     3222.55843
  56496.6568407     3381.82902
  56496.6569934     3321.44015
  56496.6571508     3533.02272
  56496.6572990     3243.33003
  56496.6574471     3432.36559
  56496.6576000     3524.32237
  56496.6577527     3436.90538
  56496.6579054     3405.15041
  56496.6580583     3301.58711
  56496.6582111     3388.69827
  56496.6583593     3326.44565
  56496.6585120     3337.17767
  56496.6586602     3351.43160
  56496.6588176     3295.90315
  56496.6589658     3505.29967
  56496.6591185     3289.10620
  56496.6592667     3370.35341
  56496.6594195     3392.76940
  56496.6595723     3449.07814
  56496.6597250     3491.53425
  56496.6598732     3445.92894
  56496.6600260     3283.35394
  56496.6601788     3323.72204
  56496.6603316     3447.12939
  56496.6604799     3392.28958
  56496.6606326     3546.23116
  56496.6607853     3325.37457
  56496.6609382     3417.39183
  56496.6610908     3462.66979
  56496.6612391     3320.46202
  56496.6613918     3401.14397
  56496.6615446     3470.13687
  56496.6616929     3420.12208
  56496.6618502     3307.19911
  56496.6619984     3391.77541
  56496.6621512     3346.04493
  56496.6622993     3472.74657
  56496.6624521     3345.28190
  56496.6626095     3287.01019
  56496.6627578     3437.28339
  56496.6629058     3357.86582
  56496.6630588     3150.75298
  56496.6632115     3450.91826
  56496.6633641     3329.12025
  56496.6635124     3460.64286
  56496.6636651     3389.09537
  56496.6638180     3284.64763
  56496.6639707     3314.58418
  56496.6641236     3384.76339
  56496.6642717     3195.11120
  56496.6644245     3460.22663
  56496.6645773     3528.15128
  56496.6647254     3342.08757
  56496.6648783     3512.36281
  56496.6650309     3531.50487
  56496.6651839     3658.25049
  56496.6653319     3328.90519
  56496.6654894     3425.28406
  56496.6656375     3362.04310
  56496.6657902     3528.79800
  56496.6659385     3399.82635
  56496.6660913     3595.78026
  56496.6662442     3446.67434
  56496.6663968     3394.88554
  56496.6665449     3390.68272
  56496.6666979     3459.90266
  56496.6668505     3484.97531
  56496.6670034     3095.02055
  56496.6671561     3323.72631
  56496.6673044     3216.29198
  56496.6674570     3505.23772
  56496.6676098     3463.49242
  56496.6677580     3489.60972
  56496.6679154     3473.63243
  56496.6680637     3338.83088
  56496.6682164     3340.03924
  56496.6683646     3469.55222
  56496.6685174     3325.93691
  56496.6686702     3527.82898
  56496.6688229     3306.75141
  56496.6689712     3423.83646
  56496.6692767     3335.20558
  56496.6694295     3290.89016
  56496.6695776     3175.07160
  56496.6697304     3349.39176
  56496.6698833     3331.62784
  56496.6700360     3490.44139
  56496.6701887     3452.69215
  56496.6703369     3246.10682
  56496.6704897     3379.94689
  56496.6706426     3564.40413
  56496.6707953     3240.11614
  56496.6709434     3226.55419
  56496.6710963     3376.71808
  56496.6712490     3487.96827
  56496.6713972     3362.97398
  56496.6715500     3357.19881
  56496.6717028     3357.60439
  56496.6718556     3324.50099
  56496.6720037     3454.72285
  56496.6721566     3507.18165
  56496.6723093     3351.11627
  56496.6724621     3532.29949
  56496.6726102     3497.38792
  56496.6727630     3237.95982
  56496.6729158     3202.29086
  56496.6730685     3483.28179
  56496.6732215     3337.00453
  56496.6733695     3463.22966
  56496.6735225     3314.91172
  56496.6736751     3302.37003
  56496.6738232     3361.26632
  56496.6741288     3421.04239
  56496.6742817     3390.39236
  56496.6744298     3276.64479
  56496.6745873     3157.76114
  56496.6747353     3528.62322
  56496.6748882     3626.20159
  56496.6750364     3418.18738
  56496.6751892     3466.13007
  56496.6753420     3374.93819
  56496.6754946     3461.38940
  56496.6756429     3444.67243
  56496.6757957     3322.63006
  56496.6759484     3237.99413
  56496.6761013     3201.90438
  56496.6762540     3269.22308
  56496.6764022     3302.14684
  56496.6765550     3329.09920
  56496.6767079     3371.00580
  56496.6768605     3424.95411
  56496.6770087     3432.21867
  56496.6771615     3469.01644
  56496.6773143     3353.26519
  56496.6774625     3385.15085
  56496.6776198     3395.42966
  56496.6777680     3229.68467
  56496.6779208     3483.15485
  56496.6780690     3438.32229
  56496.6782218     3350.21027
  56496.6783745     3180.59286
  56496.6785274     3334.93819
  56496.6786802     3313.36845
  56496.6788329     3331.20978
  56496.6789811     3412.85401
  56496.6791339     3409.15658
  56496.6792866     3283.24219
  56496.6794348     3270.15334
  56496.6795875     3433.96958
  56496.6797404     3377.63039
  56496.6798885     3364.60964
  56496.6801941     3288.02769
  56496.6803469     3330.40056
  56496.6804951     3323.80021
  56496.6806478     3200.93612
  56496.6808007     3419.74084
  56496.6809534     3195.54495
  56496.6811016     3450.23014
  56496.6812544     3299.91913
  56496.6814072     3343.76293
  56496.6815600     3212.90312
  56496.6817081     3313.85197
  56496.6818609     3177.24295
  56496.6820137     3332.47535
  56496.6821665     3437.54401
  56496.6823193     3308.83752
  56496.6824674     3283.26821
  56496.6826202     3191.11598
  56496.6827730     3356.94914
  56496.6829212     3283.97800
  56496.6830739     3292.38125
  56496.6832269     3320.62820
  56496.6833795     3396.67188
  56496.6835276     3208.12076
  56496.6836805     3298.27917
  56496.6838332     3382.20663
  56496.6839861     3204.40052
  56496.6841342     3389.62405
  56496.6842870     3267.43965
  56496.6844398     3424.91895
  56496.6845926     3292.40990
  56496.6847407     3070.00158
  56496.6848935     3447.45742
  56496.6850464     3436.81600
  56496.6851990     3283.92405
  56496.6853518     3423.21337
  56496.6855001     3293.03084
  56496.6856528     3166.59397
  56496.6858057     3181.67587
  56496.6859537     3229.62935
  56496.6861066     3381.42038
  56496.6862594     3245.86413
  56496.6864122     3344.58491
  56496.6865603     3377.26380
  56496.6867131     3342.40719
  56496.6868659     3519.12959
  56496.6870187     3366.60095
  56496.6871668     3114.48163
  56496.6874724     3285.84400
  56496.6876253     3307.61021
  56496.6877733     3263.69922
  56496.6879262     3319.37525
  56496.6880789     3356.19019
  56496.6882318     3224.21747
  56496.6883845     3257.34967
  56496.6885327     3389.24822
  56496.6886855     3215.04365
  56496.6888382     3349.07941
  56496.6889865     3279.64130
  56496.6891393     3416.16495
  56496.6892920     3507.35181
  56496.6894448     3251.99980
  56496.6895929     3227.81449
  56496.6897458     3238.17775
  56496.6898985     3306.77369
  56496.6900513     3233.79081
  56496.6903522     3281.84396
  56496.6905050     3209.12658
  56496.6906578     3259.82190
  56496.6908061     3417.79930
  56496.6909634     3368.31940
  56496.6911116     3319.51967
  56496.6912644     3221.34571
  56496.6914171     3407.28793
  56496.6915653     3267.84582
  56496.6917181     3296.46478
  56496.6918709     3333.90853
  56496.6920191     3040.07151
  56496.6921719     3426.12705
  56496.6923246     3289.80192
  56496.6924774     3125.82637
  56496.6926257     3077.39802
  56496.6927783     3297.70328
  56496.6929312     3412.42981
  56496.6930840     3159.57206
  56496.6932320     3342.40358
  56496.6933896     3439.90484
  56496.6935377     3360.48472
  56496.6936906     3376.93028
  56496.6938386     3332.94013
  56496.6939914     3302.64312
  56496.6941443     3263.88996
  56496.6942970     3337.32543
  56496.6944498     3147.11953
  56496.6946025     3240.68652
  56496.6947508     3160.50205
  56496.6949035     3171.33496
  56496.6950516     3092.57860
  56496.6952044     3399.20380
  56496.6953572     3191.37641
  56496.6955101     3288.84228
  56496.6956581     3268.11098
  56496.6958109     3253.36654
  56496.6959638     3482.36704
  56496.6961166     3375.47451
  56496.6962648     3291.61355
  56496.6964175     3314.38487
  56496.6965702     3192.59626
  56496.6967231     3395.62993
  56496.6968713     3208.00610
  56496.6970287     3352.41495
  56496.6971768     3297.27979
  56496.6973296     3276.90032
  56496.6974823     3273.71286
  56496.6976305     3202.99512
  56496.6977834     3361.45610
  56496.6979362     3237.26065
  56496.6980843     3277.09359
  56496.6982371     3126.77522
  56496.6983898     3314.15015
  56496.6985427     3139.43384
  56496.6986907     3219.97014
  56496.6988437     3375.75294
  56496.6989964     3107.74079
  56496.6991493     3435.19678
  56496.6992973     3187.48746
  56496.6994501     3167.22325
  56496.6996030     3384.07344
  56496.6997557     3326.94449
  56496.6999039     3290.53449
  56496.7000567     3486.11732
  56496.7002094     3217.67233
  56496.7003623     3164.89639
  56496.7005150     3241.04053
  56496.7006633     3335.76532
  56496.7008160     3165.22506
  56496.7009688     3151.42604
  56496.7011215     3273.22388
  56496.7012696     3325.18862
  56496.7014225     3136.74315
  56496.7015752     3258.33940
  56496.7017235     3192.06868
  56496.7018808     3389.02660
  56496.7020290     3175.51667
  56496.7021819     3355.27749
  56496.7023299     3173.35030
  56496.7024828     3298.34699
  56496.7026401     3260.98082
  56496.7027883     3280.05702
  56496.7029366     3489.49187
  56496.7030893     3099.32006
  56496.7032421     3335.53706
  56496.7035477     3243.26949
  56496.7036958     3333.81839
  56496.7038485     3253.00795
  56496.7040015     3164.22680
  56496.7041495     3384.60116
  56496.7043024     3408.41790
  56496.7044551     3196.96380
  56496.7046079     3110.25216
  56496.7047561     3049.74029
  56496.7049089     3200.99060
  56496.7050617     3169.48082
  56496.7052145     3213.31422
  56496.7053626     3287.66384
  56496.7055154     3247.43607
  56496.7056682     3192.32798
  56496.7058209     3385.62767
  56496.7059691     3331.86350
  56496.7061220     3392.79821
  56496.7062747     3308.27659
  56496.7064275     3196.96577
  56496.7065803     3309.58056
  56496.7067331     3183.32418
  56496.7068813     3124.93669
  56496.7070340     3197.70391
  56496.7071868     3207.94464
  56496.7073350     3417.26499
  56496.7074877     3146.76487
  56496.7076406     3167.90685
  56496.7077934     3191.03196
  56496.7079415     3405.26506
  56496.7082471     3359.02958
  56496.7083952     3317.59238
  56496.7085481     3277.21206
  56496.7087009     3328.47915
  56496.7088536     3426.97705
  56496.7090018     3325.94472
  56496.7091545     3353.05880
  56496.7093073     3247.62541
  56496.7094601     3274.87251
  56496.7096130     3340.27818
  56496.7097610     3224.13565
  56496.7099139     3273.07298
  56496.7100666     3268.96874
  56496.7102147     3345.97794
  56496.7103676     3267.44390
  56496.7105204     3493.72130
  56496.7108213     3169.52248
  56496.7109742     3393.98991
  56496.7111270     3338.21379
  56496.7112796     3250.49139
  56496.7114278     3542.39677
  56496.7115806     3258.54813
  56496.7117335     3450.11376
  56496.7118862     3218.63741
  56496.7120344     3325.78275
  56496.7121872     3368.86965
  56496.7123401     3320.71311
  56496.7124927     3371.73100
  56496.7126455     3296.57246
  56496.7127984     3293.49464
  56496.7129464     3287.68273
  56496.7130993     3384.91948
  56496.7132520     3508.77423
  56496.7134048     3334.86551
  56496.7135531     3423.34298
  56496.7137057     3303.67695
  56496.7138541     3225.84409
  56496.7140114     3335.19565
  56496.7141595     3142.93868
  56496.7143123     3211.05245
  56496.7144605     3247.05589
  56496.7146133     3384.34752
  56496.7147660     3233.29057
  56496.7149189     3467.12051
  56496.7150669     3406.58302
  56496.7152197     3577.39052
  56496.7153726     3299.67446
  56496.7155253     3386.09778
  56496.7156782     3364.96576
  56496.7158263     3396.87400
  56496.7159790     3416.24911
  56496.7161319     3269.59332
  56496.7162847     3451.97069
  56496.7164329     3420.95012
  56496.7165856     3380.25648
  56496.7167384     3437.65167
  56496.7168866     3481.79045
  56496.7170440     3606.82767
  56496.7171968     3300.11287
  56496.7173449     3401.51822
  56496.7174932     3493.39043
  56496.7176459     3352.55389
  56496.7177987     3333.01202
  56496.7179514     3366.81667
  56496.7180996     3305.71211
  56496.7182524     3584.39696
  56496.7184051     3323.23819
  56496.7185580     3355.71372
  56496.7187108     3447.10926
  56496.7188589     3409.31687
  56496.7190118     3305.10882
  56496.7191646     3272.88991
  56496.7193127     3446.08107
  56496.7194701     3385.23498
  56496.7196182     3321.52543
  56496.7197710     3363.19490
  56496.7199193     3331.91189
  56496.7200720     3478.65744
  56496.7202248     3606.37642
  56496.7203776     3541.60979
  56496.7205256     3297.86271
  56496.7206831     3276.32487
  56496.7208312     3362.22883
  56496.7209841     3362.96956
  56496.7211323     3331.51640
  56496.7212849     3358.55696
  56496.7214379     3648.58400
  56496.7215906     3306.34949
  56496.7217434     3357.29012
  56496.7218915     3322.39619
  56496.7220444     3368.09884
  56496.7221971     3405.27436
  56496.7223452     3255.55441
  56496.7224981     3568.22131
  56496.7226509     3436.53126
  56496.7228037     3420.35470
  56496.7229519     3565.86357
  56496.7231045     3586.05955
  56496.7232575     3450.73651
  56496.7234102     3432.22034
  56496.7235631     3159.63626
  56496.7237111     3381.29842
  56496.7238639     3543.38390
  56496.7240168     3576.70299
  56496.7241695     3461.94117
  56496.7243177     3388.58170
  56496.7244705     3351.77639
  56496.7246233     3547.43621
  56496.7247760     3353.30478
  56496.7249242     3528.16871
  56496.7250770     3271.72805
  56496.7252298     3608.52842
  56496.7253780     3418.25852
  56496.7255354     3158.33915
  56496.7256836     3435.14586
  56496.7258363     3564.75864
  56496.7259843     3352.71234
  56496.7261372     3447.65507
  56496.7262900     3507.67411
  56496.7264429     3508.89504
  56496.7265910     3225.02124
  56496.7267438     3477.18838
  56496.7268965     3455.71383
  56496.7270493     3316.37582
  56496.7271975     3499.34544
  56496.7273502     3429.12339
  56496.7275031     3542.89897
  56496.7276558     3723.10440
  56496.7278088     3299.89512
  56496.7279568     3420.13356
  56496.7281096     3488.61815
  56496.7282624     3397.95563
  56496.7284152     3431.25216
  56496.7285633     3469.99385
  56496.7287161     3355.15339
  56496.7288690     3349.18131
  56496.7290217     3494.41416
  56496.7291744     3568.11240
  56496.7293226     3520.00778
  56496.7294755     3309.60998
  56496.7296236     3556.85985
  56496.7297763     3658.21186
  56496.7299291     3503.13773
  56496.7300819     3263.33353
  56496.7302301     3405.21754
  56496.7303830     3182.54011
  56496.7305357     3372.07422
  56496.7306885     3390.97842
  56496.7308413     3660.54709
  56496.7309895     3472.69312
  56496.7311423     3467.18337
  56496.7312950     3386.21858
  56496.7314432     3408.36853
  56496.7315960     3442.49256
  56496.7317487     3285.40854
  56496.7319015     3393.33577
  56496.7320497     3379.56458
  56496.7322071     3554.79017
  56496.7323552     3533.96362
  56496.7325082     3647.50844
  56496.7326562     3382.39276
  56496.7328089     3308.21786
  56496.7329618     3433.59772
  56496.7331146     3358.99319
  56496.7332674     3476.34257
  56496.7334156     3218.13124
  56496.7335684     3422.05094
  56496.7337211     3210.88710
  56496.7338739     3467.59800
  56496.7340221     3454.10644
  56496.7341748     3400.43044
  56496.7343277     3463.11574
  56496.7344758     3428.30397
  56496.7346285     3467.92518
  56496.7347814     3415.64001
  56496.7349342     3298.11066
  56496.7350823     3468.63899
  56496.7352350     3636.26003
  56496.7353880     3422.21305
  56496.7355407     3483.83780
  56496.7356888     3347.56434
  56496.7358417     3350.97800
  56496.7359944     3480.16408
  56496.7361473     3257.87498
  56496.7362953     3405.52028
  56496.7364482     3401.10242
  56496.7366009     3404.38073
  56496.7367537     3302.30553
  56496.7369065     3238.96908
  56496.7370547     3251.67350
  56496.7372075     3446.20161
  56496.7373603     3300.87020
  56496.7375085     3416.39888
  56496.7376613     3206.83921
  56496.7378139     3348.45129
  56496.7379668     3519.81205
  56496.7381150     3434.45215
  56496.7382678     3444.93371
  56496.7384205     3290.50502
  56496.7385734     3529.20051
  56496.7387215     3383.04432
  56496.7388742     3417.16261
  56496.7390270     3337.45897
  56496.7391798     3345.53910
  56496.7393280     3391.65790
  56496.7394807     3393.35943
  56496.7396336     3353.32810
  56496.7397863     3450.50376
  56496.7399392     3497.03269
  56496.7400873     3372.53001
  56496.7402400     3345.73674
  56496.7403929     3436.52302
  56496.7405411     3268.27583
  56496.7406986     3394.54640
  56496.7408466     3338.34560
  56496.7409995     3402.44223
  56496.7411522     3555.36761
  56496.7413002     3122.59899
  56496.7414532     3488.73938
  56496.7416059     3336.46115
  56496.7417588     3438.93189
  56496.7419068     3329.41261
  56496.7420597     3337.55118
  56496.7422124     3431.85914
  56496.7423652     3263.85787
  56496.7425134     3251.27871
  56496.7426661     3358.67390
  56496.7428190     3380.24994
  56496.7429718     3479.28505
  56496.7431198     3114.29159
  56496.7432727     3279.85695
  56496.7434255     3496.92015
  56496.7435737     3267.35204
  56496.7437265     3168.46165
  56496.7438793     3139.60424
  56496.7440320     3183.23961
  56496.7441848     3349.99034
  56496.7443330     3314.04595
  56496.7444904     3105.16560
  56496.7446386     3265.24597
  56496.7447867     3281.86995
  56496.7450923     3437.67019
  56496.7452450     3317.45998
  56496.7453979     3120.68154
  56496.7455461     3536.34574
  56496.7456987     3238.15006
  56496.7458517     3266.25161
  56496.7460044     3414.90568
  56496.7461526     3410.52136
  56496.7463054     3317.09277
  56496.7464582     3147.01730
  56496.7466062     3247.15060
  56496.7467590     3182.97108
  56496.7469119     3193.90845
  56496.7470646     3212.31749
  56496.7472175     3327.31923
  56496.7473656     3273.65313
  56496.7475185     3295.93529
  56496.7476711     3303.60747
  56496.7478192     3105.69691
  56496.7479721     3235.16683
  56496.7481295     3212.32642
  56496.7482778     3275.72436
  56496.7484304     3069.34954
  56496.7485787     3413.89516
  56496.7487315     3200.48436
  56496.7488842     3302.94041
  56496.7490370     3295.01933
  56496.7491851     3388.26100
  56496.7493380     3151.79907
  56496.7494907     3405.69946
  56496.7496436     3121.15448
  56496.7497917     3265.60100
  56496.7499490     3357.26838
  56496.7500972     3286.69174
  56496.7502455     3193.39432
  56496.7504028     3447.00247
  56496.7505510     3346.07332
  56496.7508519     3070.55478
  56496.7510047     3225.53066
  56496.7511576     3027.86351
  56496.7513103     3316.61603
  56496.7514632     3377.70292
  56496.7516112     3104.98650
  56496.7517641     3262.63951
  56496.7519169     3300.84651
  56496.7520696     3265.20553
  56496.7522225     3215.18616
  56496.7523751     3274.72266
  56496.7525233     3366.77870
  56496.7526715     2963.87420
  56496.7528243     3408.20273
  56496.7529771     3295.51375
  56496.7531299     3433.28246
  56496.7532828     3294.36587
  56496.7534309     3347.66292
  56496.7535835     3288.74403
  56496.7537364     3085.70699
  56496.7538892     3300.89797
  56496.7540374     3144.06485
  56496.7541902     3138.35343
  56496.7543430     3127.78310
  56496.7544957     3126.89869
  56496.7546439     3287.14883
  56496.7548014     3294.75966
  56496.7549494     3313.18887
  56496.7551023     3238.09363
  56496.7552504     3471.05696
  56496.7554033     3278.67623
  56496.7555560     3412.01497
  56496.7557088     3247.51409
  56496.7558570     3356.61351
  56496.7560098     3435.25894
  56496.7561625     3169.91227
  56496.7563153     3551.67659
  56496.7564636     3419.88513
  56496.7566209     3144.97912
  56496.7567690     3350.06779
  56496.7569218     3310.55726
  56496.7570700     3276.14389
  56496.7572228     3074.65151
  56496.7573755     3134.80558
  56496.7575284     3357.39707
  56496.7576766     3210.88897
  56496.7578293     3432.75269
  56496.7579822     3373.86193
  56496.7581348     3261.04108
  56496.7582831     3299.34290
  56496.7584359     3087.04121
  56496.7585886     3183.25792
  56496.7587415     3304.30193
  56496.7588942     3321.27888
  56496.7590424     3371.15102
  56496.7591952     3278.01302
  56496.7593480     3333.53794
  56496.7594961     3162.58253
  56496.7596488     3234.63288
  56496.7598017     3279.59047
  56496.7599544     3097.97575
  56496.7601026     3186.25159
  56496.7602554     3349.58434
  56496.7604083     3414.17801
  56496.7605611     3261.67906
  56496.7607137     3275.93085
  56496.7608620     3357.39731
  56496.7610147     3196.00995
  56496.7611676     3302.21408
  56496.7613203     3163.77299
  56496.7614685     3280.05520
  56496.7616213     3214.70393
  56496.7617740     3234.58587
  56496.7619223     3183.45117
  56496.7620749     3384.81174
  56496.7622279     3318.53813
  56496.7623806     3119.71905
  56496.7625287     3492.48796
  56496.7626815     3222.29176
  56496.7628343     3290.61089
  56496.7629871     3297.11588
  56496.7631353     3319.87395
  56496.7632880     3379.57267
  56496.7634408     3581.61054
  56496.7635936     3537.18259
  56496.7637419     3249.31079
  56496.7638992     3446.61189
  56496.7640474     3395.54510
  56496.7642001     3189.03767
  56496.7643483     3339.29073
  56496.7645011     3110.98382
  56496.7646539     3348.42354
  56496.7648067     3184.50187
  56496.7649548     3317.35729
  56496.7651077     3366.32073
  56496.7652604     3341.91336
  56496.7654133     3351.98180
  56496.7655614     3330.60995
  56496.7657141     3373.14756
  56496.7658670     3255.97732
  56496.7660197     3328.53945
  56496.7661678     3324.21113
  56496.7663207     3323.80622
  56496.7664735     3153.94438
  56496.7666262     3537.12619
  56496.7667744     3320.12215
  56496.7669272     3238.19642
  56496.7670799     3400.26913
  56496.7672328     3332.19579
  56496.7673809     3301.82494
  56496.7675384     3510.74423
  56496.7676864     3240.73319
  56496.7678392     3282.17516
  56496.7681403     3369.35873
  56496.7682930     3374.43606
  56496.7684458     3466.04275
  56496.7685940     3345.75658
  56496.7687468     3428.32819
  56496.7688995     3335.71777
  56496.7690523     3174.51824
  56496.7692051     3272.46834
  56496.7693533     3549.77489
  56496.7695061     3398.20324
  56496.7696589     3123.48245
  56496.7698070     3348.66246
  56496.7699598     3514.89080
  56496.7701127     3325.92680
  56496.7702654     3239.81538
  56496.7704136     3277.04873
  56496.7705710     3451.63379
  56496.7707191     3184.86407
  56496.7708719     3319.77700
  56496.7710200     3428.12040
  56496.7711729     3386.73829
  56496.7713257     3494.57775
  56496.7714785     3194.58570
  56496.7716266     3433.73033
  56496.7717793     3348.11928
  56496.7719322     3426.31779
  56496.7722331     3326.60436
  56496.7723905     3271.18594
  56496.7725388     3114.95282
  56496.7726915     3348.56293
  56496.7728396     3262.84735
  56496.7729925     3254.62295
  56496.7731452     3452.64710
  56496.7732981     3175.33760
  56496.7734462     3300.90027
  56496.7735989     3391.17554
  56496.7737518     3406.54337
  56496.7739045     3474.99425
  56496.7740528     3345.99077
  56496.7742101     3481.83975
  56496.7743584     3439.98895
  56496.7745111     3277.02610
  56496.7746592     3362.64360
  56496.7748120     3343.52304
  56496.7749648     3530.51348
  56496.7751177     3257.32786
  56496.7752658     3478.92870
  56496.7754187     3255.60702
  56496.7755713     3410.71482
  56496.7757242     3348.18033
  56496.7758723     3321.32139
  56496.7760296     3285.48395
  56496.7761779     3376.88654
  56496.7763306     3473.30709
  56496.7764834     3503.44351
  56496.7766315     3346.92463
  56496.8722962     3315.00746
  56496.8724440     3469.71196
  56496.8725968     3304.03502
  56496.8727496     3367.47730
  56496.8729023     3111.51259
  56496.8730505     3380.87460
  56496.8732033     3348.18078
  56496.8733562     3286.60485
  56496.8735089     3274.40313
  56496.8736617     3305.66350
  56496.8738098     3153.86791
  56496.8739626     3318.45045
  56496.8741155     3182.78374
  56496.8742635     3261.75287
  56496.8744164     3351.17241
  56496.8745692     3469.00147
  56496.8747220     3285.93508
  56496.8748748     3331.48743
  56496.8750228     3171.36156
  56496.8751757     3252.46339
  56496.8753285     3291.11971
  56496.8754813     3340.27498
  56496.8756341     3459.45220
  56496.8757822     3513.40546
  56496.8759350     3261.54475
  56496.8760832     3422.31135
  56496.8762360     3264.61145
  56496.8763888     3345.31483
  56496.8765414     3323.38981
  56496.8766897     3455.86091
  56496.8768425     3322.33341
  56496.8769954     3251.07288
  56496.8771480     3415.53030
  56496.8772961     3355.86836
  56496.8774490     3368.48342
  56496.8776017     3292.73578
  56496.8777546     3239.28003
  56496.8779027     3444.63277
  56496.8780556     3488.67736
  56496.8782084     3423.93109
  56496.8783611     3397.34010
  56496.8785092     3484.94449
  56496.8786620     3441.85770
  56496.8788148     3343.37703
  56496.8789676     3310.61733
  56496.8791158     3297.86580
  56496.8792732     3314.06283
  56496.8794213     3279.78178
  56496.8795742     3419.73703
  56496.8797222     3134.71389
  56496.8798752     3222.45808
  56496.8800279     3255.90499
  56496.8801808     3546.05680
  56496.8803335     3276.29475
  56496.8804816     3395.47283
  56496.8806344     3181.83074
  56496.8807872     3271.57760
  56496.8809354     3293.79872
  56496.8810881     3104.41059
  56496.8812410     3231.79201
  56496.8813937     3302.01013
  56496.8815464     3403.19057
  56496.8816947     3228.03813
  56496.8818474     3497.58201
  56496.8820003     3283.23895
  56496.8821484     3454.10490
  56496.8823057     3211.95468
  56496.8824540     3225.84977
  56496.8826067     3279.02297
  56496.8827550     3484.70821
  56496.8829123     3226.30199
  56496.8830604     3519.04802
  56496.8832133     3390.86554
  56496.8833615     3335.60249
  56496.8835143     3420.47361
  56496.8836671     3339.20903
  56496.8838198     3354.30244
  56496.8839726     3203.48490
  56496.8841208     3354.84733
  56496.8842735     3503.17069
  56496.8844263     3255.54404
  56496.8845745     3469.76024
  56496.8847273     3347.49288
  56496.8848800     3239.46822
  56496.8850329     3197.62995
  56496.8851811     3338.45940
  56496.8853339     3346.42696
  56496.8854866     3394.98151
  56496.8856394     3401.94728
  56496.8857876     3320.95527
  56496.8859404     3362.71027
  56496.8860932     3269.24429
  56496.8862460     3181.40354
  56496.8863940     3230.32874
  56496.8865469     3242.09849
  56496.8866996     3322.92093
  56496.8868525     3398.11927
  56496.8871534     3610.56327
  56496.8873062     3388.63696
  56496.8874589     3479.11071
  56496.8876071     3278.17236
  56496.8877600     3424.57806
  56496.8879128     3394.32570
  56496.8880655     3591.04336
  56496.8882136     3630.82841
  56496.8883665     3352.55441
  56496.8885192     3589.20780
  56496.8886721     3345.30362
  56496.8888248     3529.67309
  56496.8889775     3230.40802
  56496.8891258     3319.19606
  56496.8892785     3352.97363
  56496.8894313     3509.65680
  56496.8895794     3284.93397
  56496.8897323     3361.17392
  56496.8898851     3337.37842
  56496.8900332     3591.97646
  56496.8901861     3432.74682
  56496.8903387     3365.48835
  56496.8904916     3283.60137
  56496.8906398     3666.50940
  56496.8907926     3344.18147
  56496.8909499     3323.83997
  56496.8910981     3454.47311
  56496.8912463     3423.79719
  56496.8913990     3313.42907
  56496.8915519     3299.48427
  56496.8917046     3396.19190
  56496.8918529     3345.38566
  56496.8920102     3198.39639
  56496.8921583     3364.00073
  56496.8923112     3494.15621
  56496.8924592     3343.81741
  56496.8926121     3350.78645
  56496.8927649     3211.06539
  56496.8929177     3385.93815
  56496.8930658     3485.40229
  56496.8932187     3443.85839
  56496.8933715     3193.24152
  56496.8935242     3307.55487
  56496.8936724     3427.13221
  56496.8938252     3411.71701
  56496.8939780     3400.82999
  56496.8941307     3483.42814
  56496.8942835     3198.96957
  56496.8944317     3415.43297
  56496.8945845     3499.91704
  56496.8947372     3284.84144
  56496.8948900     3377.03575
  56496.8950429     3615.24999
  56496.8951910     3554.17452
  56496.8953437     3318.58164
  56496.8954966     3347.91929
  56496.8956448     3572.98855
  56496.8957976     3483.15834
  56496.8959503     3469.31060
  56496.8960984     3390.37670
  56496.8962513     3319.39598
  56496.8964087     3383.98661
  56496.8965568     3517.38945
  56496.8967050     3364.99511
  56496.8968578     3329.17422
  56496.8970106     3391.63741
  56496.8971633     3536.59493
  56496.8973115     3330.45839
  56496.8974643     3278.01460
  56496.8976172     3393.35655
  56496.8977699     3260.49152
  56496.8979227     3196.24722
  56496.8980709     3326.83411
  56496.8982236     3400.15889
  56496.8983765     3632.20850
  56496.8985292     3536.84379
  56496.8986774     3274.81395
  56496.8989830     3417.18948
  56496.8991311     3391.05371
  56496.8992839     3398.11679
  56496.8994367     3351.87431
  56496.8995894     3302.83858
  56496.8997376     3567.72987
  56496.8998904     3478.25027
  56496.9000433     3492.14734
  56496.9001959     3454.19835
  56496.9003442     3468.34146
  56496.9006498     3306.24995
  56496.9008026     3445.41932
  56496.9009506     3494.51369
  56496.9011035     3249.90406
  56496.9012562     3195.46256
  56496.9014091     3392.59798
  56496.9015618     3467.94368
  56496.9017101     3492.83623
  56496.9018628     3453.25252
  56496.9020155     3574.72234
  56496.9021637     3497.58618
  56496.9023211     3429.41866
  56496.9024693     3351.46364
  56496.9026220     3583.85635
  56496.9027703     3528.97915
  56496.9029230     3600.37529
  56496.9030758     3438.13025
  56496.9032286     3284.79784
  56496.9033768     3663.73687
  56496.9035342     3430.91047
  56496.9036824     3452.29014
  56496.9038352     3310.32976
  56496.9039879     3382.03055
  56496.9042889     3290.68023
  56496.9044416     3411.48072
  56496.9045945     3373.03792
  56496.9047426     3218.73742
  56496.9048954     3588.83940
  56496.9050482     3545.48099
  56496.9051963     3445.32031
  56496.9053491     3618.04832
  56496.9055019     3333.04186
  56496.9056548     3518.85992
  56496.9058029     3465.20666
  56496.9059557     3504.70500
  56496.9061085     3538.72139
  56496.9062612     3216.44873
  56496.9064095     3368.89555
  56496.9065621     3434.85055
  56496.9067150     3389.52973
  56496.9070205     3496.74405
  56496.9071733     3340.17643
  56496.9073214     3484.67700
  56496.9074743     3311.95809
  56496.9076270     3416.45767
  56496.9077752     3491.26270
  56496.9079280     3512.29974
  56496.9080808     3372.84705
  56496.9082290     3334.06993
  56496.9083818     3322.85035
  56496.9085346     3466.99494
  56496.9086873     3421.53655
  56496.9088355     3613.93544
  56496.9089883     3359.69535
  56496.9091410     3468.40522
  56496.9092939     3502.06913
  56496.9094420     3457.76866
  56496.9095949     3341.82526
  56496.9097476     3492.70859
  56496.9099003     3381.26931
  56496.9100486     3644.94447
  56496.9102014     3347.58518
  56496.9103542     3418.93373
  56496.9105068     3542.95746
  56496.9106598     3447.86937
  56496.9108078     3365.97759
  56496.9109606     3475.98942
  56496.9111134     3329.81755
  56496.9112615     3251.68825
  56496.9114144     3414.49000
  56496.9115672     3413.15335
  56496.9117200     3308.06315
  56496.9118681     3482.17074
  56496.9120209     3306.78068
  56496.9121738     3630.50187
  56496.9123265     3300.40636
  56496.9124746     3440.08095
  56496.9126274     3431.60313
  56496.9127802     3621.92758
  56496.9129331     3319.50243
  56496.9130811     3621.66848
  56496.9132340     3549.42078
  56496.9133868     3344.49933
  56496.9135396     3308.91020
  56496.9136923     3385.58901
  56496.9138405     3372.89645
  56496.9139933     3392.85580
  56496.9141461     3370.10994
  56496.9142942     3245.27023
  56496.9144470     3370.90848
  56496.9147525     3478.70092
  56496.9149008     3399.04597
  56496.9150535     3293.19079
  56496.9152063     3427.48201
  56496.9153592     3529.31738
  56496.9155072     3460.58000
  56496.9156601     3523.77744
  56496.9158128     3386.38461
  56496.9159657     3242.15084
  56496.9161138     3485.53494
  56496.9162665     3122.96075
  56496.9164194     3392.35906
  56496.9165722     3306.78742
  56496.9167249     3452.75455
  56496.9168731     3432.59468
  56496.9170259     3193.16545
  56496.9171787     3358.70022
  56496.9173268     3337.29238
  56496.9174796     3362.04242
  56496.9176324     3270.66084
  56496.9177853     3546.83113
  56496.9179380     3384.38349
  56496.9180862     3345.43240
  56496.9182390     3383.39362
  56496.9185398     3417.06573
  56496.9186926     3361.55352
  56496.9188455     3392.10442
  56496.9189983     3337.61418
  56496.9191464     3319.20582
  56496.9192992     3332.24412
  56496.9194521     3336.66372
  56496.9196048     3278.36969
  56496.9197575     3235.09039
  56496.9199057     3313.65702
  56496.9200585     3299.30045
  56496.9202114     3391.68152
  56496.9203688     3362.52978
  56496.9205123     3312.69120
  56496.9206650     3217.82364
  56496.9208179     3249.96561
  56496.9209660     3288.28366
  56496.9211187     3375.79409
  56496.9212716     3057.98110
  56496.9214243     3212.88906
  56496.9215726     3214.70737
  56496.9217253     3054.00193
  56496.9218781     3285.68204
  56496.9220309     3395.59051
  56496.9221790     3193.69191
  56496.9223319     3205.57111
  56496.9224846     3351.15928
  56496.9226375     3530.51338
  56496.9227902     3208.33098
  56496.9229383     3286.78173
  56496.9230912     3299.70299
  56496.9232439     3262.67433
  56496.9233922     3196.17365
  56496.9235449     3236.88230
  56496.9236976     3148.37568
  56496.9238505     3178.68304
  56496.9239986     3377.10555
  56496.9241561     3169.07499
  56496.9243041     3322.32039
  56496.9244571     3200.34047
  56496.9246051     3439.32524
  56496.9247626     3257.04394
  56496.9249108     3441.85006
  56496.9250634     3246.23905
  56496.9252117     3425.70446
  56496.9253644     3359.89187
  56496.9255173     3302.65252
  56496.9256700     3382.91532
  56496.9258228     3316.73614
  56496.9259710     3092.46232
  56496.9261238     3426.35331
  56496.9262766     3239.25431
  56496.9264247     3328.64133
  56496.9265776     3402.10780
  56496.9267303     3302.67217
  56496.9268830     3245.30777
  56496.9270359     3267.44108
  56496.9271840     3247.33192
  56496.9273368     3135.65054
  56496.9274896     3286.47962
  56496.9276378     3207.34570
  56496.9277906     3147.71697
  56496.9279434     3105.16680
  56496.9280961     3157.87984
  56496.9282489     3315.60629
  56496.9284018     3382.67556
  56496.9285499     3313.93015
  56496.9287026     3425.28623
  56496.9288554     3243.65817
  56496.9290036     3308.35503
  56496.9291564     3375.79829
  56496.9293091     3273.97844
  56496.9294573     3207.95544
  56496.9296101     3369.34185
  56496.9297629     3207.55320
  56496.9299157     3268.54767
  56496.9300638     3350.73891
  56496.9302167     3356.54115
  56496.9303695     3353.74657
  56496.9305223     3370.55755
  56496.9306704     3310.57612
  56496.9308232     3165.02063
  56496.9309760     3224.70359
  56496.9311334     3319.32054
  56496.9312769     3225.82449
  56496.9314297     3267.75189
  56496.9315825     3382.39081
  56496.9317353     3346.97680
  56496.9318880     3373.47958
  56496.9320409     3371.27346
  56496.9321890     3460.79626
  56496.9323419     3190.78966
  56496.9324900     3398.50347
  56496.9326428     3326.08197
  56496.9327956     3186.06804
  56496.9329483     3283.85360
  56496.9330965     3418.53340
  56496.9332493     3175.38586
  56496.9334021     3305.42398
  56496.9335549     3414.79782
  56496.9337031     3449.83737
  56496.9338558     3296.14181
  56496.9340085     3093.38491
  56496.9341614     3035.07696
  56496.9343095     3476.49697
  56496.9344622     3348.41407
  56496.9346151     3309.47508
  56496.9347678     3236.37436
  56496.9349208     3257.07293
  56496.9350734     3251.46733
  56496.9352216     3250.56554
  56496.9353744     3153.72082
  56496.9355227     3266.74210
  56496.9356754     3333.81632
  56496.9358282     3303.43494
  56496.9359810     3157.85511
  56496.9361337     3509.73808
  56496.9362820     3314.65328
  56496.9364347     3495.96836
  56496.9365874     3338.29719
  56496.9367356     3438.06797
  56496.9368885     3279.18445
  56496.9370413     3456.09182
  56496.9371940     3337.39691
  56496.9373422     3275.08245
  56496.9374950     3295.78919
  56496.9376478     3467.57815
  56496.9378005     3346.14067
  56496.9379533     3194.26626
  56496.9381015     3472.67127
  56496.9382542     3428.51065
  56496.9384071     3466.40916
  56496.9385552     3485.75850
  56496.9387080     3486.98690
  56496.9388608     3249.97271
  56496.9390135     3484.33690
  56496.9391664     3554.36111
  56496.9393145     3658.49299
  56496.9394719     3401.57423
  56496.9396201     3502.90544
  56496.9397682     3158.08979
  56496.9399211     3347.24840
  56496.9400738     3263.90468
  56496.9402267     3427.05132
  56496.9403747     3302.08293
  56496.9405276     3442.25864
  56496.9406804     3380.58947
  56496.9408332     3155.16141
  56496.9409859     3253.84231
  56496.9411341     3440.85298
  56496.9412869     3409.94561
  56496.9414397     3345.68763
  56496.9415879     3330.99147
  56496.9417406     3373.06390
  56496.9418980     3219.78962
  56496.9420463     3421.28690
  56496.9421989     3404.64046
  56496.9423472     3284.35432
  56496.9425000     3400.47911
  56496.9426527     3327.81518
  56496.9428056     3285.26848
  56496.9431065     3391.22963
  56496.9432593     3290.54112
  56496.9434075     3366.52227
  56496.9435602     3176.79798
  56496.9437130     3382.05802
  56496.9438658     3351.35361
  56496.9440186     3376.84570
  56496.9441667     3438.82515
  56496.9443196     3502.82565
  56496.9444723     3331.70104
  56496.9446205     3435.42891
  56496.9447732     3307.14227
  56496.9449260     3313.86349
  56496.9450789     3260.13800
  56496.9452271     3555.47935
  56496.9453798     3277.54910
  56496.9455325     3232.25180
  56496.9456854     3306.32373
  56496.9458334     3368.90747
  56496.9459863     3344.00145
  56496.9461391     3383.61141
  56496.9462918     3434.76792
  56496.9464401     3426.88325
  56496.9465929     3387.47308
  56496.9467457     3203.38065
  56496.9468984     3507.92071
  56496.9470513     3223.94331
  56496.9473520     3383.67738
  56496.9475049     3524.90234
  56496.9476530     3469.50393
  56496.9478106     3461.03912
  56496.9479587     3348.65612
  56496.9481115     3173.47517
  56496.9482596     3363.24865
  56496.9484125     3465.17382
  56496.9485652     3311.98473
  56496.9487179     3460.22882
  56496.9488662     3492.53479
  56496.9490189     3423.61668
  56496.9491718     3370.31673
  56496.9493245     3354.92845
  56496.9494727     3376.41902
  56496.9496255     3417.22061
  56496.9497781     3483.27035
  56496.9499311     3287.30109
  56496.9500838     3570.49648
  56496.9502320     3391.07764
  56496.9503847     3525.62490
  56496.9505375     3394.35635
  56496.9506857     3465.58232
  56496.9508431     3461.69012
  56496.9509913     3513.07000
  56496.9511440     3212.34970
  56496.9512969     3377.66448
  56496.9514450     3579.62109
  56496.9515979     3334.35424
  56496.9517506     3317.27488
  56496.9518987     3442.62952
  56496.9520516     3294.49448
  56496.9522043     3406.28875
  56496.9523572     3388.84139
  56496.9525052     3490.19164
  56496.9526627     3325.95407
  56496.9528109     3458.56371
  56496.9529637     3496.69040
  56496.9531165     3427.93684
  56496.9532645     3562.79478
  56496.9534175     3436.39021
  56496.9535701     3544.77380
  56496.9537184     3515.51341
  56496.9538757     3540.03662
  56496.9540239     3449.34872
  56496.9541767     3426.15885
  56496.9543295     3441.85028
  56496.9544777     3620.96113
  56496.9546305     3388.45238
  56496.9547831     3320.12431
  56496.9549314     3536.01098
  56496.9550841     3499.37679
  56496.9552370     3589.41862
  56496.9553898     3287.07921
  56496.9555379     3590.72345
  56496.9556907     3313.41546
  56496.9558436     3294.56956
  56496.9559963     3372.58157
  56496.9561490     3270.16957
  56496.9562973     3354.82339
  56496.9564500     3341.71534
  56496.9566029     3526.80249
  56496.9567510     3477.25240
  56496.9569038     3502.29768
  56496.9570565     3232.93311
  56496.9572093     3276.00216
  56496.9573621     3628.77114
  56496.9575102     3411.79113
  56496.9576631     3496.33512
  56496.9578158     3394.99550
  56496.9579640     3500.45166
  56496.9581168     3209.47006
  56496.9582695     3425.49676
  56496.9584224     3476.94690
  56496.9585706     3567.72969
  56496.9587280     3565.18069
  56496.9588761     3503.37165
  56496.9590289     3502.29621
  56496.9591816     3454.18822
  56496.9593298     3312.78469
  56496.9594826     3418.08551
  56496.9596354     3254.66950
  56496.9597883     3375.28067
  56496.9599363     3554.36261
  56496.9600891     3412.60677
  56496.9602420     3503.37774
  56496.9603948     3278.88824
  56496.9605476     3472.37327
  56496.9606957     3523.87011
  56496.9608484     3324.75232
  56500.2710865     3586.98759
  56500.2712343     3593.10361
  56500.2713870     3423.09752
  56500.2715398     3277.74659
  56500.2716879     3379.92980
  56500.2718407     3510.48263
  56500.2719936     3327.19248
  56500.2721462     3281.32568
  56500.2722992     3393.78388
  56500.2724473     3387.69172
  56500.2726000     3579.98519
  56500.2727528     3389.45065
  56500.2729010     3352.76281
  56500.2730585     3298.82082
  56500.2732066     3269.26246
  56500.2733594     3314.84981
  56500.2735075     3276.33306
  56500.2736603     3312.65231
  56500.2738178     3425.90283
  56500.2739658     3228.17775
  56500.2741187     3358.28940
  56500.2742668     3474.80405
  56500.2744197     3465.04227
  56500.2745724     3339.84391
  56500.2747205     3370.36180
  56500.2748734     3452.68938
  56500.2750261     3518.87671
  56500.2751790     3477.28983
  56500.2753317     3309.95360
  56500.2754799     3318.59288
  56500.2756327     3204.60863
  56500.2757855     3345.21470
  56500.2759336     3500.99283
  56500.2760865     3454.54628
  56500.2762392     3475.37863
  56500.2763920     3635.52722
  56500.2765448     3539.79534
  56500.2766929     3362.55022
  56500.2768503     3453.30688
  56500.2769986     3482.99330
  56500.2771513     3444.40098
  56500.2772994     3283.50117
  56500.2774523     3504.30619
  56500.2776050     3361.75585
  56500.2777579     3567.96768
  56500.2779106     3216.95352
  56500.2780588     3658.08415
  56500.2782116     3473.93683
  56500.2783643     3537.50829
  56500.2785125     3383.84388
  56500.2786653     3288.59974
  56500.2788181     3517.42005
  56500.2789755     3603.24266
  56500.2791191     3380.55374
  56500.2792719     3342.47995
  56500.2794247     3569.89189
  56500.2795774     3520.22943
  56500.2797256     3566.34718
  56500.2798784     3501.77304
  56500.2800312     3579.63497
  56500.2801794     3195.81763
  56500.2803321     3670.82122
  56500.2806377     3386.66082
  56500.2807858     3486.90632
  56500.2809387     3560.73055
  56500.2810914     3664.11867
  56500.2812442     3355.10098
  56500.2813970     3435.97966
  56500.2815452     3216.36155
  56500.2816979     3219.84882
  56500.2818507     3464.17251
  56500.2819989     3391.59515
  56500.2821517     3536.76804
  56500.2823044     3483.60574
  56500.2824572     3377.60820
  56500.2826053     3417.65059
  56500.2827582     3384.71376
  56500.2829110     3525.51187
  56500.2830638     3485.89124
  56500.2832165     3352.60331
  56500.2833647     3277.91919
  56500.2835175     3440.12312
  56500.2836703     3443.52110
  56500.2838185     3280.95057
  56500.2839758     3622.48016
  56500.2841241     3449.32938
  56500.2842768     3325.41834
  56500.2844296     3403.38414
  56500.2845778     3206.26281
  56500.2847305     3369.99741
  56500.2848834     3259.98118
  56500.2850315     3329.16923
  56500.2851843     3627.08685
  56500.2853371     3334.43971
  56500.2854899     3385.80542
  56500.2856427     3305.61835
  56500.2857908     3514.85884
  56500.2859436     3236.83218
  56500.2860963     3565.43367
  56500.2862446     3423.31155
  56500.2863973     3365.73504
  56500.2865501     3440.67059
  56500.2867029     3541.23103
  56500.2868556     3537.79804
  56500.2870039     3462.75249
  56500.2871566     3185.78152
  56500.2873095     3379.37435
  56500.2874622     3201.29631
  56500.2876150     3252.51083
  56500.2877632     3375.70319
  56500.2879160     3484.54728
  56500.2880641     3396.12853
  56500.2882170     3640.37762
  56500.2883697     3226.73098
  56500.2885225     3455.86530
  56500.2886707     3402.87526
  56500.2888235     3685.76460
  56500.2889762     3361.11878
  56500.2891291     3527.98878
  56500.2892771     3435.89024
  56500.2894300     3573.96026
  56500.2895828     3217.98719
  56500.2897401     3798.20772
  56500.2898838     3270.32828
  56500.2900366     3379.91368
  56500.2901894     3332.79682
  56500.2903421     3257.58317
  56500.2904949     3229.58549
  56500.2906430     3417.86397
  56500.2907958     3488.30688
  56500.2909486     3345.47138
  56500.2910968     3389.96848
  56500.2914023     3598.74051
  56500.2915551     3316.15837
  56500.2917033     3529.72502
  56500.2918561     3570.81372
  56500.2920088     3552.52778
  56500.2921616     3426.03548
  56500.2923099     3420.65264
  56500.2924627     3292.56100
  56500.2926153     3255.39464
  56500.2927683     3493.37268
  56500.2929163     3325.19575
  56500.2930692     3462.62259
  56500.2932220     3163.77391
  56500.2933747     3668.72745
  56500.2935275     3458.05254
  56500.2936756     3419.99102
  56500.2938285     3101.99992
  56500.2939813     3767.75299
  56500.2941293     3576.46438
  56500.2942822     3454.52976
  56500.2944349     3465.29271
  56500.2945877     3524.74201
  56500.2947405     3514.87584
  56500.2948887     3302.38649
  56500.2950415     3681.51772
  56500.2951942     3500.23646
  56500.2953425     3290.69166
  56500.2954952     3609.86422
  56500.2956481     3600.61738
  56500.2958008     3607.98361
  56500.2959488     3438.41840
  56500.2961017     3467.15743
  56500.2962545     3559.90605
  56500.2964073     3562.79589
  56500.2965601     3554.44112
  56500.2967083     3619.61711
  56500.2968611     3525.21670
  56500.2970140     3586.95288
  56500.2971620     3799.92715
  56500.2973147     3580.17074
  56500.2974676     3519.10007
  56500.2976204     3624.57900
  56500.2977732     3635.98027
  56500.2979259     3538.96789
  56500.2980740     3442.85161
  56500.2982270     3648.62952
  56500.2983750     3578.48378
  56500.2985326     3660.54703
  56500.2986806     3479.71673
  56500.2988334     3712.02374
  56500.2989816     3576.47315
  56500.2991344     3509.82437
  56500.2992871     3722.64561
  56500.2994399     3467.02938
  56500.2995927     3827.92102
  56500.2997408     3380.78924
  56500.2998937     3588.40897
  56500.3000465     3605.63485
  56500.3001947     3465.29897
  56500.3003475     3436.58084
  56500.3005049     3683.98814
  56500.3006530     3342.68049
  56500.3008012     3432.11226
  56500.3009540     3405.10173
  56500.3011067     3599.14992
  56500.3012596     3446.21355
  56500.3014077     3426.55914
  56500.3015651     3545.53821
  56500.3017132     3533.56386
  56500.3018660     3534.51357
  56500.3020143     3674.32072
  56500.3021716     3680.63977
  56500.3023198     3455.15350
  56500.3024725     3516.54502
  56500.3026254     3499.04732
  56500.3027735     3601.45066
  56500.3029263     3707.78206
  56500.3030791     3541.42920
  56500.3032319     3487.69932
  56500.3033801     3399.66845
  56500.3035328     3547.57321
  56500.3036856     3654.11735
  56500.3038384     3752.20354
  56500.3039866     3399.01647
  56500.3041393     3700.65746
  56500.3042921     3456.39979
  56500.3044404     3438.72285
  56500.3045931     3678.76111
  56500.3047458     3506.91217
  56500.3048986     3333.22822
  56500.3050468     3442.00117
  56500.3051997     3450.54688
  56500.3053524     3494.62240
  56500.3055052     3449.34918
  56500.3056580     3617.41656
  56500.3058107     3632.74115
  56500.3059589     3314.56365
  56500.3061117     3401.31561
  56500.3062599     3801.54475
  56500.3064173     3562.96185
  56500.3065655     3670.88465
  56500.3067182     3801.79769
  56500.3068710     3622.48857
  56500.3070192     3602.01221
  56500.3071720     3595.71049
  56500.3073248     3699.37572
  56500.3074729     3588.91714
  56500.3076257     3266.17461
  56500.3077786     3662.43623
  56500.3079313     3521.26466
  56500.3080795     3479.97454
  56500.3082322     3426.49267
  56500.3083851     3479.23750
  56500.3085379     3487.57290
  56500.3086906     3556.79898
  56500.3088388     3525.35832
  56500.3089915     3718.16179
  56500.3091443     3653.49102
  56500.3092924     3227.33930
  56500.3094453     3578.79808
  56500.3095981     3425.67112
  56500.3097507     3775.13299
  56500.3098990     3515.25850
  56500.3100564     3571.36983
  56500.3102047     3487.53471
  56500.3103574     3651.83380
  56500.3105057     3313.91221
  56500.3106630     3637.20937
  56500.3108112     3420.40504
  56500.3109640     3384.67509
  56500.3111166     3630.66675
  56500.3112695     3772.82296
  56500.3114176     3498.73225
  56500.3115705     3460.07029
  56500.3117232     3617.35233
  56500.3118714     3471.12831
  56500.3120242     3355.46782
  56500.3121770     3507.19102
  56500.3123251     3509.69065
  56500.3124778     3555.93992
  56500.3126308     3375.35560
  56500.3127835     3485.93677
  56500.3129316     3616.84550
  56500.3130845     3438.27272
  56500.3132372     3451.13281
  56500.3135382     3291.55402
  56500.3136910     3610.89477
  56500.3138437     3409.22917
  56500.3139965     3644.25930
  56500.3141494     3758.31980
  56500.3142974     3574.57297
  56500.3144503     3491.50406
  56500.3146030     3522.11801
  56500.3147558     3486.70056
  56500.3149040     3447.76873
  56500.3150568     3349.82218
  56500.3152096     3608.23056
  56500.3153624     3430.37573
  56500.3155106     3668.92638
  56500.3156633     3619.67314
  56500.3158161     3441.55460
  56500.3159643     3445.30656
  56500.3161171     3401.67398
  56500.3162745     3750.87077
  56500.3164227     3479.71209
  56500.3165708     3674.05944
  56500.3167236     3629.15148
  56500.3168763     3469.32405
  56500.3170291     3543.61997
  56500.3171773     3276.41149
  56500.3173302     3579.42516
  56500.3174830     3405.76962
  56500.3176357     3531.37543
  56500.3177885     3547.75896
  56500.3179366     3519.47532
  56500.3180895     3558.11246
  56500.3182422     3712.36597
  56500.3183904     3638.92044
  56500.3185432     3459.93989
  56500.3186960     3454.61067
  56500.3188487     3437.90667
  56500.3189970     3476.56920
  56500.3191497     3535.84100
  56500.3193025     3466.57607
  56500.3194553     3542.48650
  56500.3196035     3183.58026
  56500.3197563     3466.85664
  56500.3199090     3788.15063
  56500.3200618     3428.51373
  56500.3202146     3571.18839
  56500.3203627     3596.57837
  56500.3205156     3611.55591
  56500.3206683     3448.70955
  56500.3208211     3426.12970
  56500.3209692     3446.15687
  56500.3211221     3417.01992
  56500.3212748     3486.66584
  56500.3214229     3386.05905
  56500.3215758     3392.07713
  56500.3217286     3465.28865
  56500.3218814     3426.30991
  56500.3220342     3598.42640
  56500.3221822     3469.43183
  56500.3223352     3332.25841
  56500.3224879     3484.09012
  56500.3226362     3234.41479
  56500.3227888     3551.00250
  56500.3229416     3521.22795
  56500.3230944     3362.50160
  56500.3232425     3360.98877
  56500.3233954     3539.97209
  56500.3235481     3386.13981
  56500.3237010     3377.67957
  56500.3238538     3343.09517
  56500.3240018     3312.42241
  56500.3241547     3591.07668
  56500.3243075     3566.04384
  56500.3244649     3589.05755
  56500.3246083     3375.37162
  56500.3247613     3478.30331
  56500.3249140     3257.11168
  56500.3250668     3395.30058
  56500.3252149     3169.55598
  56500.3253723     3370.38239
  56500.3255206     3383.19034
  56500.3256687     3250.70323
  56500.3258214     3417.28032
  56500.3259742     3603.12074
  56500.3261270     3537.93165
  56500.3262753     3230.63326
  56500.3264279     3396.47230
  56500.3265808     3493.53940
  56500.3267335     3406.12166
  56500.3268863     3577.57833
  56500.3270391     3484.86033
  56500.3271873     3250.53066
  56500.3273401     3707.03989
  56500.3274883     3452.85080
  56500.3276410     3583.22527
  56500.3277939     3514.41427
  56500.3279466     3594.16099
  56500.3280948     3608.10349
  56500.3282476     3715.09119
  56500.3284003     3255.91413
  56500.3287012     3305.57843
  56500.3288541     3340.13855
  56500.3290069     3375.17688
  56500.3291597     3765.72813
  56500.3293078     3331.15491
  56500.3294607     3386.78034
  56500.3296135     3500.87547
  56500.3297662     3518.86633
  56500.3299190     3622.17235
  56500.3300672     3465.29353
  56500.3302200     3487.18459
  56500.3303727     3244.66265
  56500.3305209     3345.13000
  56500.3306737     3403.34725
  56500.3308264     3503.93033
  56500.3309792     3262.37093
  56500.3311274     3335.10067
  56500.3312802     3421.20342
  56500.3314330     3451.83353
  56500.3315858     3272.62713
  56500.3317339     3417.06706
  56500.3318867     3465.23423
  56500.3320396     3469.41847
  56500.3323404     3259.39013
  56500.3324932     3505.28840
  56500.3326461     3240.36732
  56500.3327989     3307.53498
  56500.3329516     3284.08147
  56500.3331044     3517.81603
  56500.3332525     3227.97409
  56500.3334053     3410.67134
  56500.3335535     3583.68910
  56500.3337063     3596.16107
  56500.3338591     3333.59932
  56500.3340118     3319.90413
  56500.3341601     3456.60580
  56500.3343129     3246.31532
  56500.3344655     3409.30062
  56500.3346184     3482.63281
  56500.3347666     3382.09820
  56500.3349194     3457.95216
  56500.3350721     3658.09814
  56500.3352295     3702.82947
  56500.3353731     3285.98700
  56500.3355258     3478.09846
  56500.3356787     3540.91684
  56500.3358314     3245.26389
  56500.3359843     3216.59142
  56500.3361324     3434.77594
  56500.3362852     3469.54253
  56500.3364379     3467.53955
  56500.3365908     3346.86139
  56500.3367389     3396.49090
  56500.3368917     3365.21485
  56500.3370445     3286.97253
  56500.3371927     3398.75357
  56500.3373454     3456.22787
  56500.3374983     3264.89692
  56500.3376510     3527.33220
  56500.3377992     3203.68418
  56500.3379566     3301.52366
  56500.3381048     3252.41425
  56500.3382576     3559.56034
  56500.3384057     3322.39651
  56500.3385585     3266.77054
  56500.3387113     3250.49094
  56500.3388640     3338.66594
  56500.3390169     3369.52865
  56500.3391651     3437.97279
  56500.3393178     3428.80966
  56500.3394706     3156.31066
  56500.3396188     3209.13228
  56500.3397761     3584.90191
  56500.3399244     3352.79049
  56500.3400771     3478.55287
  56500.3402298     3287.54309
  56500.3403827     3292.29651
  56500.3405309     3230.84152
  56500.3406836     3317.79076
  56500.3408318     3360.57202
  56500.3409845     3343.94192
  56500.3411374     3309.15611
  56500.3412901     3557.23734
  56500.3414383     3361.04785
  56500.3415911     3512.13817
  56500.3417439     3573.86184
  56500.3418967     3229.50199
  56500.3420494     3344.99549
  56500.3421977     3390.20263
  56500.3423504     3498.70305
  56500.3425033     3492.63335
  56500.3426513     3364.23349
  56500.3428043     3282.10477
  56500.3429570     3244.48485
  56500.3431097     3354.56775
  56500.3432626     3211.63760
  56500.3434106     3445.70183
  56500.3435635     3381.88511
  56500.3437163     3284.61707
  56500.3438690     3405.82352
  56500.3440218     3306.53474
  56500.3441699     3454.75220
  56500.3443228     3302.63669
  56500.3444710     3229.19676
  56500.3446237     3372.23264
  56500.3447765     3385.61747
  56500.3449292     3266.00133
  56500.3450821     3421.86373
  56500.3452302     3161.25093
  56500.3453831     3524.78589
  56500.3455358     3220.86222
  56500.3456841     3438.00931
  56500.3458368     3286.64391
  56500.3459942     3363.28560
  56500.3461423     3259.74400
  56500.3462952     3415.23076
  56500.3464480     3510.10165
  56500.3465961     3369.97779
  56500.3467489     3416.99414
  56500.3468970     3605.62631
  56500.3470498     3523.13918
  56500.3472027     3455.05811
  56500.3473555     3318.47655
  56500.3475082     3412.54900
  56500.3476564     3166.08629
  56500.3478092     3393.54068
  56500.3479620     3377.93056
  56500.3481147     3272.38945
  56500.3482629     3331.86534
  56500.3484157     3232.07493
  56500.3487166     3141.29860
  56500.3488694     3379.22946
  56500.3490222     3260.76402
  56500.3491750     3487.21400
  56500.3493277     3416.75954
  56500.3494759     3321.15581
  56500.3496287     3285.08439
  56500.3497816     3425.44989
  56500.3499296     3326.07302
  56500.3502353     3370.91883
  56500.3503880     3485.33811
  56500.3505363     3478.99374
  56500.3506889     3343.59962
  56500.3508465     3486.63475
  56500.3509946     3219.26827
  56500.3511473     3306.90060
  56500.3512955     3292.17861
  56500.3514482     3657.59765
  56500.3516011     3487.74689
  56500.3517493     3280.45158
  56500.3519067     3634.21180
  56500.3520548     3338.78520
  56500.3522076     3509.51508
  56500.3523558     3345.62376
  56500.3525086     3289.01942
  56500.3526614     3488.74338
  56500.3528141     3293.09701
  56500.3529624     3329.10066
  56500.3531151     3316.15091
  56500.3532678     3316.30827
  56500.3534207     3394.92015
  56500.3535688     3480.47957
  56500.3537217     3380.96763
  56500.3538744     3516.65568
  56500.3540272     3478.76506
  56500.3541800     3510.65497
  56500.3543281     3376.68308
  56500.3544810     3440.86030
  56500.3546337     3807.21575
  56500.3547819     3547.61826
  56500.3549346     3483.09981
  56500.3550921     3381.68769
  56500.3552449     3446.23298
  56500.3553929     3570.35049
  56500.3555458     3315.10359
  56500.3556939     3424.52237
  56500.3558468     3464.95203
  56500.3559995     3396.83772
  56500.3561478     3413.99099
  56500.3563005     3609.95341
  56500.3564533     3529.46524
  56500.3566060     3321.53505
  56500.3567589     3560.47834
  56500.3569117     3537.46547
  56500.3570599     3454.07439
  56500.3572126     3507.09385
  56500.3573607     3504.80525
  56500.3576663     3507.52986
  56500.3578191     3469.69654
  56500.3579673     3458.84660
  56500.3582729     3631.33586
  56500.3584257     3505.66466
  56500.3585784     3424.89009
  56500.3587266     3423.74484
  56500.3588794     3577.38844
  56500.3590323     3361.60062
  56500.3591896     3587.89715
  56500.3593331     3310.63692
  56500.3594859     3238.45476
  56500.3596387     3558.08164
  56500.3597916     3535.57045
  56500.3599396     3533.02178
  56500.3600924     3531.10354
  56500.3602453     3383.57584
  56500.3603934     3283.09412
  56500.3605462     3484.79754
  56500.3606990     3398.36909
  56500.3608518     3511.34704
  56500.3610046     3574.00871
  56500.3611526     3344.59610
  56500.3613055     3521.79599
  56500.3614583     3443.21768
  56500.3616111     3567.02347
  56500.3617592     3501.49490
  56500.3619120     3533.99827
  56500.3620648     3409.67146
  56500.3622176     3656.39407
  56500.3623658     3482.41119
  56500.3625185     3634.26461
  56500.3626713     3543.36072
  56500.3628195     3566.75763
  56500.3631251     3484.75654
  56500.3632778     3447.11875
  56500.3634307     3392.56283
  56500.3635788     3328.73092
  56500.3637316     3600.73535
  56500.3638844     3370.75599
  56500.3640371     3572.61844
  56500.3641854     3336.34814
  56500.3643381     3502.01983
  56500.3644909     3405.02523
  56500.3646437     3451.35059
  56500.3647919     3558.24449
  56500.3649447     3328.02622
  56500.3650973     3577.22858
  56500.3652456     3432.32413
  56500.3653983     3671.50483
  56500.3655512     3672.51807
  56500.3657039     3431.53298
  56500.3658521     3546.33731
  56500.3660049     3756.08254
  56500.3661576     3634.02632
  56500.3663105     3508.13297
  56500.3664632     3340.86597
  56500.3666115     3364.84550
  56500.3667643     3477.61460
  56500.3669171     3606.86064
  56500.3670698     3607.66909
  56500.3672226     3320.29078
  56500.3673708     3437.28306
  56500.3675236     3449.91720
  56500.3676764     3458.84966
  56500.3678291     3483.14477
  56500.3679772     3621.75488
  56500.3681301     3241.87535
  56500.3682828     3583.07374
  56500.3684310     3578.65348
  56500.3685838     3452.97257
  56500.3687366     3535.46879
  56500.3688893     3591.06325
  56500.3690375     3371.56496
  56500.3691950     3596.90504
  56500.3693431     3468.01732
  56500.3694958     3496.07528
  56500.3696440     3553.25746
  56500.3697968     3461.63625
  56500.3701025     3393.65713
  56500.3702506     3401.23132
  56500.3704034     3383.14724
  56500.3705562     3510.22411
  56500.3707090     3408.55141
  56500.3708570     3260.62602
  56500.3710099     3468.35251
  56500.3711627     3506.34389
  56500.3713154     3470.85758
  56500.3714637     3551.65830
  56500.3716210     3695.46352
  56500.3717692     3518.47505
  56500.3719220     3679.65882
  56500.3720749     3337.60390
  56500.3722229     3545.70567
  56500.3723758     3694.10775
  56500.3725285     3340.58353
  56500.3726812     3439.02102
  56500.3728295     3356.68172
  56500.3729822     3443.75575
  56500.3731351     3521.18583
  56500.3732831     3261.10023
  56500.3734361     3462.84426
  56500.3735888     3564.42959
  56500.3737415     3327.76490
  56500.3738898     3442.48611
  56500.3740424     3543.74219
  56500.3741953     3468.66712
  56500.3743481     3485.06881
  56500.3744963     3506.12715
  56500.3746491     3332.18295
  56500.3748017     3524.45855
  56500.3749547     3296.62770
  56500.3751028     3498.34787
  56500.3752557     3399.94744
  56500.3754083     3623.35762
  56500.3755612     3492.96876
  56500.3757093     3425.60411
  56500.3758621     3555.96829
  56500.3760149     3477.15716
  56500.3761676     3506.06902
  56500.3763205     3548.46179
  56500.3764685     3320.58238
  56500.3766214     3450.57535
  56500.3767742     3522.81920
  56500.3769222     3317.54286
  56500.3770798     3634.19619
  56500.3772279     3397.76056
  56500.3773808     3477.66883
  56500.3775289     3350.61801
  56500.3776818     3572.32431
  56500.3778344     3363.89587
  56500.3779873     3394.67930
  56500.3781354     3162.08877
  56500.3782882     3387.77142
  56500.3784410     3245.69712
  56500.3785937     3405.58681
  56500.3787420     3586.69183
  56500.3788994     3651.99485
  56500.3790475     3593.06911
  56500.3792003     3609.89418
  56500.3793484     3268.91986
  56500.3795013     3572.48091
  56500.3796541     3365.16189
  56500.3798069     3342.27575
  56500.3799550     3450.50433
  56500.3801123     3536.82976
  56500.3802605     3395.39996
  56500.3804133     3392.62081
  56500.3805616     3302.73135
  56500.3807189     3563.14918
  56500.3808671     3280.37927
  56500.3810198     3551.66469
  56500.3811680     3350.31248
  56500.3813209     3441.95408
  56500.3814736     3447.14374
  56500.3816264     3360.97055
  56500.3817745     3259.12309
  56500.3819273     3589.07306
  56500.3820801     3453.98840
  56500.3822330     3483.29538
  56500.3823857     3455.52282
  56500.3825338     3423.62440
  56500.3826866     3567.86277
  56500.3828395     3491.72339
  56500.3829875     3410.99833
  56500.3832932     3452.55911
  56500.3834459     3407.68163
  56500.3835942     3313.93248
  56500.3837468     3336.17252
  56500.3838997     3562.54978
  56500.3840525     3367.32737
  56500.3842007     3340.26204
  56500.3843580     3326.69382
  56500.3845063     3466.82621
  56500.3846591     3527.66566
  56500.3848070     3358.49651
  56500.3849600     3531.54201
  56500.3851127     3387.39257
  56500.3852656     3497.43978
  56500.3854137     3237.59255
  56500.3855666     3548.72481
  56500.3857193     3276.99031
  56500.3858720     3559.35722
  56500.3860202     3361.18245
  56500.3861730     3316.29306
  56500.3863258     3382.62014
  56500.3864786     3332.13899
  56500.3866268     3490.52969
  56500.3867796     3500.36167
  56500.3869322     3391.00385
  56500.3870852     3279.38762
  56500.3872333     3504.90961
  56500.3873862     3513.56584
  56500.3875388     3244.07455
  56500.3876917     3376.39269
  56500.3878398     3351.99687
  56500.3879972     3351.03150
  56500.3881455     3451.38182
  56500.3882981     3340.95938
  56500.3884510     3494.18412
  56500.3886038     3292.36430
  56500.3887519     3362.80418
  56500.3889047     3355.03170
  56500.3890528     3445.30040
  56500.3892057     3441.54823
  56500.3893585     3532.60514
  56500.3895113     3465.43077
  56500.3896640     3489.75678
  56500.3898121     3262.84376
  56500.3899649     3272.80157
  56500.3901177     3381.91513
  56500.3902706     3586.15307
  56500.3904233     3332.28482
  56500.3905715     3433.03052
  56500.3907243     3387.23256
  56500.3908724     3277.62383
  56500.3910252     3569.28888
  56500.3911780     3335.95406
  56500.3913308     3322.85294
  56500.3914836     3338.10912
  56500.3916363     3355.06038
  56500.3917846     3228.59334
  56500.3919373     3106.18436
  56500.3920855     3205.49965
  56500.3922383     3485.70151
  56500.3923910     3350.21351
  56500.3925438     3274.73073
  56500.3926919     3404.54266
  56500.3928448     3370.87219
  56500.3929976     3349.56483
  56500.3931504     3587.64557
  56500.3933031     3418.18641
  56500.3934560     3465.01116
  56500.3936042     3358.66942
  56500.3937569     3463.35905
  56500.3939050     3262.18617
  56500.3940578     3425.99140
  56500.3942106     3413.97088
  56500.3943634     3050.89107
  56500.3945116     3478.13311
  56500.3946690     3301.98265
  56500.3948171     3331.73937
  56500.3949699     3385.77163
  56500.3951227     3520.42421
  56500.3952709     3082.29732
  56500.3954237     3553.08924
  56500.3955765     3318.40581
  56500.3957247     3468.65421
  56500.3958773     3287.08253
  56500.3960302     3250.11864
  56500.3961830     3404.04930
  56500.3963312     3465.26319
  56500.3964839     3414.43391
  56500.3966368     3196.73853
  56500.3969376     3307.66426
  56500.3970905     3505.59988
  56500.3972432     3277.72427
  56500.3973961     3455.89069
  56500.3975442     3367.49710
  56500.3976970     3237.73969
  56500.3978498     3325.00447
  56500.3980025     3246.48631
  56500.3981554     3363.36309
  56500.3983035     3537.37585
  56500.3984563     3368.18863
  56500.3986091     3220.03982
  56500.3987573     3234.85783
  56500.3989101     3516.54941
  56500.3990627     3499.57109
  56500.3992156     3196.14842
  56500.3993684     3334.78346
  56500.3995166     3191.24563
  56500.3996694     3378.16527
  56500.3998221     3303.49067
  56500.3999703     3330.46603
  56500.4001231     3417.60852
  56500.4002760     3205.70145
  56500.4004286     3536.10957
  56500.4005769     3375.85983
  56500.4007342     3645.41204
  56500.4008824     3224.62215
  56500.4010352     3103.28196
  56500.4011832     3371.99638
  56500.4013362     3360.06461
  56500.4014888     3205.05737
  56500.4016418     3521.69282
  56500.4017898     3162.45283
  56500.4019426     3226.27838
  56500.4020955     3347.87892
  56500.4022482     3354.97344
  56500.4024011     3324.71386
  56500.4025538     3522.43159
  56500.4027020     3427.40384
  56500.4028547     3508.07708
  56500.4030029     3317.91404
  56500.4031557     3237.07842
  56500.4033085     3436.10901
  56500.4034614     3655.40238
  56500.4036094     3346.21019
  56500.4037623     3635.07044
  56500.4039150     3590.77561
  56500.4040678     3329.22469
  56500.4043687     3642.26618
  56500.4045216     3272.60820
  56500.4046789     3541.80535
  56500.4048225     3408.66661
  56500.4049753     3170.41041
  56500.4051281     3480.82962
  56500.4052809     3494.85987
  56500.4054336     3251.56298
  56500.4055818     3338.90452
  56500.4057346     3321.94863
  56500.4058874     3257.88273
  56500.4060401     3473.27575
  56500.4061883     3268.64916
  56500.4063411     3389.90433
  56500.4064939     3453.75287
  56500.4066466     3329.85445
  56500.4067948     3371.49506
  56500.4069476     3266.52907
  56500.4071004     3354.11788
  56500.4072486     3221.14225
  56500.4074014     3422.41490
  56500.4075542     3456.21412
  56500.4077070     3409.01914
  56500.4078552     3392.28492
  56500.4080079     3420.48129
  56500.4081607     3583.81119
  56500.4083134     3491.95705
  56500.4084663     3345.60777
  56500.4086144     3437.78756
  56500.4087672     3479.84088
  56500.4089200     3225.76852
  56500.4090682     3443.47306
  56500.4092257     3737.09015
  56500.4093737     3572.78736
  56500.4095266     3681.88657
  56500.4096747     3346.45022
  56500.4098275     3573.47161
  56500.4099803     3440.89003
  56500.4101331     3519.78655
  56500.4102812     3453.23755
  56500.4104340     3415.31560
  56500.4105868     3410.45258
  56500.4107396     3511.40438
  56500.4108878     3365.25019
  56500.4110406     3435.29824
  56500.4111933     3447.55040
  56500.4113462     3557.35235
  56500.4114942     3332.42479
  56500.4116517     3694.03697
  56500.4117999     3518.87805
  56500.4119527     3438.40952
  56500.4121009     3446.22702
  56500.4122535     3512.07639
  56500.4124065     3434.34718
  56500.4125591     3667.46848
  56500.4127074     3610.90903
  56500.4128601     3302.85852
  56500.4130128     3370.73662
  56500.4131657     3663.91445
  56500.4133138     3332.74715
  56500.4134667     3216.25841
  56500.4136194     3685.52272
  56500.4137723     3496.41535
  56500.4139204     3312.23561
  56500.4140731     3326.05119
  56500.4142259     3541.86168
  56500.4143787     3459.09970
  56500.4145269     3440.59482
  56500.4146797     3567.30328
  56500.4148325     3506.05408
  56500.4149853     3474.86987
  56500.4151335     3500.41729
  56500.4152862     3533.89679
  56500.4154436     3736.92455
  56500.4155918     3473.36127
  56500.4157399     3463.39132
  56500.4158928     3562.71967
  56500.4160455     3536.57123
  56500.4161982     3407.61660
  56500.4163465     3363.37076
  56500.4164992     3455.28972
  56500.4166521     3491.23404
  56500.4168048     3465.95416
  56500.4169530     3447.31899
  56500.4171058     3352.75066
  56500.4172587     3540.31184
  56500.4174114     3655.82446
  56500.4175594     3384.01047
  56500.4177124     3501.86554
  56500.4178651     3610.92682
  56500.4180180     3575.36543
  56500.5136965     3433.01230
  56500.5138441     3137.73904
  56500.5139970     3078.06946
  56500.5141497     3477.08765
  56500.5142980     3332.28959
  56500.5144507     3371.91810
  56500.5146034     3308.03997
  56500.5147563     3335.72952
  56500.5149044     3226.49315
  56500.5150573     3109.57193
  56500.5152101     3298.17460
  56500.5153628     3110.34358
  56500.5155110     3410.39133
  56500.5156684     3243.00741
  56500.5158166     3324.05894
  56500.5159694     3301.02392
  56500.5161175     3341.92208
  56500.5162703     3270.08746
  56500.5164230     3319.20314
  56500.5165759     3287.04077
  56500.5167286     3211.37956
  56500.5168769     3365.47415
  56500.5170296     3265.36147
  56500.5171824     3334.91039
  56500.5173306     3302.17338
  56500.5174833     3398.73697
  56500.5176362     3449.06215
  56500.5177889     3277.59003
  56500.5179417     3132.44368
  56500.5180899     3466.01710
  56500.5182427     3271.38665
  56500.5183954     3162.85057
  56500.5185436     3344.00250
  56500.5186964     3280.23137
  56500.5188492     3332.75851
  56500.5190020     3413.19405
  56500.5191501     3402.10214
  56500.5193029     3454.36360
  56500.5194558     3291.10402
  56500.5196085     3184.36861
  56500.5197613     3441.60089
  56500.5199095     3293.49961
  56500.5200623     3301.46866
  56500.5202151     3259.31550
  56500.5203677     3317.10647
  56500.5205159     3326.91521
  56500.5206687     3453.05815
  56500.5208216     3173.16621
  56500.5209744     3240.59177
  56500.5211271     3288.27693
  56500.5212753     3391.52971
  56500.5214281     3413.14306
  56500.5215763     3300.25012
  56500.5217291     3427.47388
  56500.5218819     3262.83522
  56500.5220346     3241.62773
  56500.5221875     3224.35989
  56500.5223402     3264.43828
  56500.5224883     3396.93647
  56500.5226412     3425.39152
  56500.5227940     3538.24125
  56500.5229419     3450.26601
  56500.5230949     3117.69451
  56500.5232476     3343.83371
  56500.5233959     3108.51868
  56500.5235532     3551.26121
  56500.5237013     3273.87181
  56500.5238542     3211.28533
  56500.5240024     3185.85905
  56500.5241551     3457.36513
  56500.5243126     3472.22329
  56500.5244608     3333.69462
  56500.5246135     3327.99165
  56500.5247616     3300.46342
  56500.5249145     3274.42170
  56500.5250672     3399.84296
  56500.5252154     3478.53897
  56500.5253681     3596.67710
  56500.5255256     3310.43407
  56500.5256738     3478.43195
  56500.5258265     3522.21396
  56500.5259794     3508.54205
  56500.5261275     3394.57082
  56500.5262803     3335.21122
  56500.5265812     3522.78012
  56500.5267340     3224.73836
  56500.5268868     3093.78253
  56500.5270351     3373.85406
  56500.5271877     3394.83806
  56500.5273405     3262.67743
  56500.5274934     3257.12338
  56500.5276414     3352.90080
  56500.5277944     3420.38672
  56500.5279517     3417.49918
  56500.5280999     3409.31564
  56500.5284008     3367.51608
  56500.5285536     3203.21583
  56500.5287064     3422.31568
  56500.5288592     3343.81768
  56500.5290073     3226.62605
  56500.5291602     3362.42424
  56500.5293129     3318.99555
  56500.5294612     3286.44673
  56500.5296139     3203.22549
  56500.5297666     3316.40572
  56500.5299194     3384.13718
  56500.5300676     3225.53575
  56500.5302251     3527.98055
  56500.5303778     3271.17445
  56500.5305259     3294.70405
  56500.5306741     3537.89508
  56500.5308315     3443.34038
  56500.5309797     3403.37929
  56500.5311325     3269.52569
  56500.5312806     3437.23544
  56500.5314335     3266.52550
  56500.5315862     3625.84447
  56500.5317390     3359.48511
  56500.5318918     3465.38675
  56500.5320398     3417.96658
  56500.5321928     3316.70069
  56500.5323454     3431.45705
  56500.5324937     3416.26272
  56500.5326510     3477.91412
  56500.5327994     3540.17652
  56500.5329521     3330.72125
  56500.5331049     3277.11849
  56500.5332530     3382.26779
  56500.5334057     3214.54810
  56500.5335586     3675.14777
  56500.5337067     3547.94757
  56500.5338596     3551.17078
  56500.5340124     3522.67512
  56500.5341652     3577.03776
  56500.5343132     3302.63190
  56500.5344660     3203.23478
  56500.5346189     3383.96153
  56500.5347716     3560.06078
  56500.5349245     3262.36798
  56500.5352255     3481.16725
  56500.5353782     3465.28252
  56500.5355263     3462.46285
  56500.5356791     3341.02879
  56500.5358319     3518.28595
  56500.5359847     3378.23019
  56500.5361328     3372.79111
  56500.5362856     3267.03552
  56500.5364384     3497.55001
  56500.5365912     3430.57771
  56500.5367393     3454.01403
  56500.5368921     3365.62058
  56500.5370450     3479.74515
  56500.5371978     3404.11425
  56500.5373459     3411.62008
  56500.5374988     3449.64393
  56500.5376515     3570.24813
  56500.5378043     3373.57288
  56500.5379570     3549.29458
  56500.5381052     3558.69637
  56500.5382579     3378.51688
  56500.5384108     3391.51039
  56500.5385589     3481.41521
  56500.5387164     3311.35416
  56500.5388645     3378.18101
  56500.5390173     3428.92417
  56500.5393182     3563.98760
  56500.5394711     3346.32763
  56500.5396238     3325.87250
  56500.5397720     3496.89619
  56500.5399248     3436.83251
  56500.5400776     3406.76520
  56500.5402304     3480.75369
  56500.5403786     3318.00036
  56500.5405314     3532.75387
  56500.5406841     3241.51769
  56500.5408369     3429.29547
  56500.5409896     3225.62629
  56500.5411378     3325.90449
  56500.5412906     3469.15341
  56500.5414434     3415.58663
  56500.5415915     3451.27310
  56500.5417444     3605.70764
  56500.5418972     3520.49690
  56500.5420499     3525.41094
  56500.5421981     3323.21949
  56500.5423556     3558.05991
  56500.5425037     3532.15996
  56500.5426565     3448.44810
  56500.5428046     3428.67773
  56500.5429574     3441.82821
  56500.5431102     3490.30316
  56500.5432630     3539.45886
  56500.5434112     3457.67726
  56500.5437167     3283.90283
  56500.5438695     3486.10655
  56500.5440223     3456.74231
  56500.5441751     3366.26710
  56500.5443232     3522.11402
  56500.5444761     3550.71743
  56500.5446242     3457.62123
  56500.5447769     3702.53773
  56500.5449297     3378.43744
  56500.5450825     3434.31658
  56500.5452308     3514.68023
  56500.5453835     3305.15566
  56500.5455363     3280.12348
  56500.5456891     3446.65806
  56500.5458371     3401.08710
  56500.5459901     3277.12346
  56500.5461427     3459.48966
  56500.5462956     3546.75753
  56500.5464437     3372.21870
  56500.5467494     3513.53703
  56500.5469021     3274.17946
  56500.5470549     3285.56258
  56500.5472031     3552.16239
  56500.5473560     3564.99930
  56500.5475086     3481.17668
  56500.5476567     3285.48607
  56500.5478096     3563.39915
  56500.5481153     3437.39727
  56500.5482633     3328.38507
  56500.5484162     3428.50957
  56500.5485689     3313.17386
  56500.5487216     3308.46007
  56500.5488698     3419.32489
  56500.5490226     3488.76899
  56500.5491755     3354.68845
  56500.5493282     3568.51181
  56500.5494810     3438.90854
  56500.5496291     3400.83726
  56500.5497821     3319.39036
  56500.5499348     3398.15860
  56500.5500875     3444.76635
  56500.5502403     3434.67720
  56500.5503884     3376.40080
  56500.5505414     3397.84261
  56500.5506894     3484.68735
  56500.5508423     3356.19243
  56500.5509950     3646.63859
  56500.5511479     3263.04612
  56500.5512959     3515.89713
  56500.5514487     3602.44270
  56500.5516016     3530.44696
  56500.5517542     3606.55922
  56500.5519072     3488.22507
  56500.5520553     3318.23182
  56500.5522082     3455.45503
  56500.5523609     3448.90394
  56500.5525089     3365.33991
  56500.5526618     3598.98736
  56500.5528146     3268.28005
  56500.5529675     3373.07359
  56500.5531201     3371.17077
  56500.5532684     3201.91701
  56500.5534211     3566.92859
  56500.5535738     3275.42396
  56500.5537220     3444.84969
  56500.5538748     3487.85169
  56500.5540277     3250.19522
  56500.5541804     3332.17178
  56500.5543287     3318.59870
  56500.5544860     3536.75613
  56500.5546341     3343.61909
  56500.5547870     3346.37530
  56500.5549350     3358.27227
  56500.5550879     3502.84381
  56500.5552407     3414.81633
  56500.5553935     3455.59058
  56500.5555417     3300.49550
  56500.5556945     3486.45870
  56500.5558472     3415.36577
  56500.5560000     3357.50057
  56500.5561528     3514.59856
  56500.5563009     3378.93750
  56500.5564537     3607.98017
  56500.5566066     3516.67103
  56500.5567546     3195.35434
  56500.5569075     3364.04827
  56500.5570602     3365.25833
  56500.5572131     3433.16174
  56500.5573613     3299.04773
  56500.5575140     3193.45468
  56500.5576668     3338.05789
  56500.5578196     3390.17959
  56500.5579678     3278.49329
  56500.5581206     3316.52735
  56500.5582733     3331.96113
  56500.5584261     3570.40810
  56500.5585789     3516.88627
  56500.5587271     3330.23080
  56500.5588798     3342.58650
  56500.5590326     3319.32093
  56500.5591854     3385.66056
  56500.5593336     3431.96670
  56500.5594863     3234.72947
  56500.5596391     3432.91052
  56500.5597874     3256.95956
  56500.5599401     3430.24089
  56500.5600929     3437.43079
  56500.5602457     3648.90092
  56500.5603939     3283.69469
  56500.5605467     3639.19920
  56500.5606994     3439.44442
  56500.5608523     3153.20088
  56500.5610004     3174.98810
  56500.5611531     3402.82083
  56500.5613060     3299.46791
  56500.5614586     3298.49413
  56500.5616115     3398.21699
  56500.5617596     3172.82585
  56500.5619125     3454.57369
  56500.5620653     3378.35186
  56500.5622180     3206.18566
  56500.5623662     3384.08722
  56500.5625190     3277.63450
  56500.5626718     3427.71798
  56500.5628199     3438.62112
  56500.5629727     3373.01557
  56500.5631255     3238.02582
  56500.5632783     3454.70116
  56500.5634311     3439.88104
  56500.5635792     3335.43775
  56500.5638848     3452.92516
  56500.5640329     3371.14479
  56500.5641857     3522.90199
  56500.5643385     3352.36028
  56500.5644914     3342.44298
  56500.5646395     3418.72325
  56500.5647924     3261.34779
  56500.5649451     3285.32775
  56500.5650978     3394.47508
  56500.5652507     3565.69043
  56500.5654034     3370.70630
  56500.5655516     3321.12480
  56500.5657044     3246.45131
  56500.5658525     3395.03274
  56500.5660054     3533.38948
  56500.5661581     3312.28836
  56500.5663109     3385.06468
  56500.5664591     3473.73844
  56500.5666120     3228.07855
  56500.5667646     3207.82852
  56500.5669174     3363.91506
  56500.5670703     3424.37922
  56500.5672231     3273.10966
  56500.5673712     3378.18871
  56500.5675239     3376.74885
  56500.5676768     3247.52729
  56500.5678296     3354.72571
  56500.5679777     3386.48733
  56500.5681305     3306.25355
  56500.5682833     3281.99974
  56500.5684314     3152.87146
  56500.5685838     3290.53518
  56500.5687371     3320.33536
  56500.5688852     3211.81405
  56500.5690380     3489.31833
  56500.5691907     3301.34855
  56500.5693435     3276.41213
  56500.5694963     3236.14239
  56500.5696445     3458.00636
  56500.5698019     3392.80857
  56500.5699501     3186.99368
  56500.5700983     3149.41124
  56500.5702510     3288.61271
  56500.5704037     3416.30741
  56500.5705567     3311.67692
  56500.5707048     3206.40756
  56500.5708576     3408.80347
  56500.5710104     3381.17878
  56500.5711631     3334.94762
  56500.5713160     3330.14894
  56500.5714641     3233.69028
  56500.5716170     3195.63339
  56500.5717696     3373.69614
  56500.5719178     3364.59191
  56500.5720706     3307.52705
  56500.5722234     3230.86791
  56500.5723763     3447.73212
  56500.5725243     3582.80901
  56500.5726770     3249.40647
  56500.5728299     3177.12180
  56500.5729827     3297.22945
  56500.5731309     3402.01092
  56500.5732836     3448.39263
  56500.5734411     3348.11249
  56500.5735892     3411.29654
  56500.5737374     3348.55308
  56500.5738902     3303.39073
  56500.5740429     3164.47888
  56500.5741958     3308.91889
  56500.5743485     3162.89674
  56500.5744966     3220.58858
  56500.5746495     3265.10090
  56500.5748023     3307.07238
  56500.5749504     3277.61135
  56500.5751031     3281.90897
  56500.5752560     3307.16661
  56500.5754088     3364.40410
  56500.5755570     3295.78231
  56500.5757098     3296.72156
  56500.5758671     3427.15760
  56500.5760153     3180.94725
  56500.5761635     3391.94959
  56500.5763163     3342.43957
  56500.5764690     3306.48706
  56500.5766219     3397.31671
  56500.5767700     3257.67439
  56500.5769228     3335.84513
  56500.5770757     3258.25043
  56500.5772283     3374.77233
  56500.5773812     3276.43349
  56500.5775293     3288.37668
  56500.5776822     3233.73997
  56500.5778349     3478.14355
  56500.5779831     3329.80203
  56500.5781359     3475.92491
  56500.5782886     3404.44860
  56500.5784414     3452.35982
  56500.5785896     3475.16513
  56500.5787424     3404.98984
  56500.5788952     3537.17209
  56500.5790479     3177.36734
  56500.5791962     3246.37395
  56500.5793489     3301.14221
  56500.5795017     3402.72614
  56500.5796545     3329.10729
  56500.5798026     3301.58653
  56500.5799554     3362.11974
  56500.5801083     3296.10740
  56500.5802609     3407.46730
  56500.5804139     3292.35387
  56500.5805666     3510.46588
  56500.5807148     3130.58989
  56500.5808675     3274.28785
  56500.5810157     3327.88029
  56500.5811685     3245.66694
  56500.5813212     3345.88212
  56500.5814741     3355.60040
  56500.5816268     3266.91401
  56500.5817797     3320.49957
  56500.5819277     3208.75493
  56500.5820807     3372.01513
  56500.5822333     3330.66426
  56500.5823814     3340.29246
  56500.5825344     3519.64926
  56500.5826871     3463.09545
  56500.5828353     3353.52300
  56500.5829881     3585.32916
  56500.5831409     3271.91138
  56500.5832936     3414.74947
  56500.5834463     3563.31410
  56500.5835946     3193.12097
  56500.5837473     3430.98760
  56500.5839002     3625.36903
  56500.5840482     3293.30300
  56500.5842057     3492.54554
  56500.5843539     3329.32114
  56500.5845066     3285.70021
  56500.5846595     3493.89153
  56500.5848075     3373.12122
  56500.5851131     3365.14287
  56500.5852613     3247.21722
  56500.5854141     3382.51422
  56500.5855669     3397.92317
  56500.5857197     3347.08898
  56500.5858679     3263.22337
  56500.5860207     3487.98243
  56500.5861734     3402.18332
  56500.5863262     3531.71072
  56500.5864791     3294.16081
  56500.5866271     3584.86106
  56500.5867800     3257.66353
  56500.5869328     3347.74385
  56500.5870810     3443.33946
  56500.5872337     3322.75944
  56500.5873864     3405.05785
  56500.5875393     3607.68818
  56500.5876921     3538.13642
  56500.5878403     3283.98133
  56500.5879930     3247.45399
  56500.5881458     3478.22203
  56500.5882940     3271.23386
  56500.5884468     3527.68129
  56500.5885996     3318.09332
  56500.5887523     3533.35180
  56500.5889005     3401.88335
  56500.5890533     3440.99148
  56500.5892107     3705.99725
  56500.5893588     3255.51308
  56500.5895117     3187.51821
  56500.5896598     3450.96764
  56500.5898127     3475.20003
  56500.5899654     3385.52892
  56500.5901136     3451.68630
  56500.5902663     3299.89894
  56500.5904192     3579.46704
  56500.5905720     3454.26518
  56500.5907201     3518.12208
  56500.5908729     3696.06308
  56500.5910256     3427.51034
  56500.5911785     3501.81848
  56500.5913266     3399.40954
  56500.5914794     3543.72101
  56500.5916322     3239.47267
  56500.5917851     3532.37503
  56500.5919331     3567.57384
  56500.5920858     3668.63207
  56500.5922387     3432.58030
  56500.5923915     3393.11134
  56500.5925444     3498.90451
  56500.5926971     3413.28258
  56500.5928453     3337.52235
  56500.5929981     3380.49367
  56500.5931462     3404.48371
  56500.5933037     3562.88369
  56500.5934517     3345.95381
  56500.5936046     3413.22324
  56500.5937527     3304.60860
  56500.5939055     3401.42875
  56500.5940583     3396.52948
  56500.5942111     3329.42892
  56500.5943640     3541.86342
  56500.5945119     3345.97925
  56500.5946649     3657.95283
  56500.5948176     3400.03772
  56500.5949704     3542.65288
  56500.5951186     3586.03536
  56500.5952713     3432.27772
  56500.5954242     3563.91539
  56500.5955768     3493.27695
  56500.5957251     3484.82232
  56500.5958778     3404.45930
  56500.5960307     3620.00043
  56500.5961787     3481.26104
  56500.5963316     3673.98495
  56500.5964844     3517.46800
  56500.5966371     3487.56350
  56500.5967901     3420.64946
  56500.5969380     3330.99112
  56500.5970910     3525.66980
  56500.5972437     3376.42526
  56500.5973965     3624.06167
  56500.5975446     3695.34803
  56500.5976974     3283.01918
  56500.5978503     3418.30309
  56500.5979984     3326.28010
  56500.5981512     3452.05929
  56500.5983039     3620.89256
  56500.5984567     3514.11020
  56500.5986096     3454.61170
  56500.5987576     3439.72159
  56500.5989105     3639.27697
  56500.5990632     3486.64376
  56500.5992115     3393.91555
  56500.5993642     3378.07031
  56500.5995169     3538.14718
  56500.5996698     3364.56034
  56500.5998225     3431.61065
  56500.5999708     3393.08373
  56500.6001235     3426.57569
  56500.6002764     3344.77098
  56500.6004244     3488.85204
  56500.6005774     3537.06652
  56500.6007300     3453.22663
  56500.6008828     3487.65639
  56500.6010356     3548.91960
  56500.6011838     3407.98702
  56500.6013366     3670.73493
  56500.6014893     3481.06855
  56500.6016421     3736.16945
  56500.6017902     3551.11607
  56500.6019430     3521.93294
  56500.6020959     3477.90499
  56500.6022441     3366.27888
  56500.6023969     3475.95905
  56500.6025497     3592.94447
  56500.6027024     3529.31031
  56500.6028552     3525.51664
  56500.6030034     3602.81631
  56500.6031562     3481.64444
  56500.6033090     3442.56975
  56500.6034618     3356.84467
  56500.6036099     3539.33865
  56500.6037626     3605.88698
  56500.6039154     3643.45758
  56500.6040682     3475.17522
  56500.6042164     3510.35457
  56500.6043739     3600.38343
  56500.6045220     3493.24538
  56500.6046748     3540.88799
  56500.6048230     3338.49047
  56500.6049804     3655.21385
  56500.6051285     3514.89684
  56500.6052767     3540.22605
  56500.6054295     3375.32088
  56500.6055823     3527.25519
  56500.6057351     3471.28241
  56500.6058878     3577.50666
  56500.6060360     3452.66884
  56500.6061888     3500.32937
  56500.6063416     3486.35346
  56500.6064944     3452.48738
  56500.6066424     3392.63895
  56500.6067954     3371.37219
  56500.6069481     3322.54432
  56500.6071009     3455.66769
  56500.6074018     3385.07563
  56500.6075547     3472.96194
  56500.6077073     3350.39014
  56500.6078556     3512.78375
  56500.6080083     3547.19006
  56500.6081612     3408.89887
  56500.6083092     3432.75511
  56500.6084667     3678.45551
  56500.6086149     3364.03901
  56500.6087676     3574.05012
  56500.6089204     3346.57758
  56500.6090685     3381.05866
  56500.6092215     3525.35712
  56500.6093741     3704.36464
  56500.6095270     3437.51804
  56500.6096751     3533.15550
  56500.6098279     3730.73974
  56500.6099807     3629.81143
  56500.6101335     3508.29948
  56500.6102818     3521.39443
  56500.6104344     3419.27198
  56500.6105873     3383.50745
  56500.6107400     3359.92111
  56500.6108882     3216.65076
  56500.6110410     3434.82437
  56500.6111937     3228.79108
  56500.6113467     3307.75135
  56500.6114947     3403.08638
  56500.6116474     3249.22690
  56500.6118003     3151.38464
  56500.6119531     3197.18564
  56500.6121013     3196.55028
  56500.6122540     3433.64055
  56500.6124067     3426.71906
  56500.6125596     3454.82934
  56500.6127078     3194.03275
  56500.6128605     3426.68353
  56500.6130133     3511.25184
  56500.6131662     3563.84887
  56500.6133143     3174.22427
  56500.6134672     3282.84572
  56500.6136198     3235.65421
  56500.6137726     3326.94626
  56500.6140736     3513.27870
  56500.6142264     3444.71861
  56500.6143792     3240.60292
  56502.1505979     3586.76394
  56502.1507502     3542.94555
  56502.1508984     3394.02095
  56502.1510511     3598.59573
  56502.1512039     3445.40235
  56502.1513568     3514.48608
  56502.1515049     3389.05262
  56502.1516577     3509.13766
  56502.1518105     3595.55903
  56502.1519632     3677.58570
  56502.1521161     3489.38908
  56502.1522642     3575.82652
  56502.1524171     3456.60291
  56502.1525698     3411.81612
  56502.1527225     3544.52627
  56502.1528708     3345.64437
  56502.1530235     3521.03428
  56502.1531764     3618.71165
  56502.1533245     3402.40707
  56502.1534773     3519.23458
  56502.1536300     3437.22756
  56502.1537828     3410.74592
  56502.1539310     3560.92026
  56502.1540838     3607.74915
  56502.1542367     3455.94752
  56502.1543893     3638.39211
  56502.1545421     3596.04669
  56502.1546904     3419.58568
  56502.1548431     3585.95380
  56502.1549959     3391.74862
  56502.1551487     3529.73559
  56502.1552969     3492.21177
  56502.1554497     3430.87092
  56502.1556023     3460.59973
  56502.1557506     3254.21332
  56502.1559033     3353.97764
  56502.1560562     3397.90742
  56502.1562135     3591.12173
  56502.1565099     3619.47906
  56502.1566627     3467.23932
  56502.1568155     3491.50580
  56502.1569636     3490.88023
  56502.1571165     3547.09584
  56502.1572692     3409.19851
  56502.1574219     3603.82360
  56502.1575701     3305.91773
  56502.1577229     3638.83927
  56502.1578757     3535.50892
  56502.1580285     3629.69958
  56502.1581812     3583.72869
  56502.1583341     3515.41584
  56502.1584822     3341.92174
  56502.1586351     3564.04577
  56502.1587832     3407.00724
  56502.1589361     3543.61606
  56502.1590887     3571.47660
  56502.1592415     3477.34126
  56502.1593897     3588.00974
  56502.1595425     3520.91803
  56502.1596953     3379.61095
  56502.1598481     3311.03289
  56502.1601491     3642.64161
  56502.1603017     3424.72126
  56502.1604546     3550.90926
  56502.1606028     3511.28870
  56502.1607556     3364.23524
  56502.1609083     3453.88670
  56502.1610612     3335.18578
  56502.1612140     3423.40722
  56502.1613620     3166.16447
  56502.1615149     3426.25469
  56502.1616676     3585.60712
  56502.1618159     3507.09476
  56502.1619686     3440.45889
  56502.1621214     3522.48419
  56502.1622742     3442.02027
  56502.1624224     3526.31158
  56502.1625798     3754.45142
  56502.1627279     3338.67096
  56502.1628807     3532.96834
  56502.1630289     3604.65076
  56502.1631863     3574.18083
  56502.1633344     3565.31107
  56502.1634873     3460.86923
  56502.1636354     3711.77551
  56502.1637882     3487.33685
  56502.1639410     3432.99632
  56502.1640937     3556.07167
  56502.1642465     3578.34209
  56502.1643994     3700.97522
  56502.1645475     3312.23363
  56502.1647003     3520.16372
  56502.1650013     3407.81372
  56502.1651540     3708.70497
  56502.1653068     3605.34907
  56502.1654549     3492.12552
  56502.1656077     3371.05838
  56502.1657605     3425.09343
  56502.1659133     3435.39267
  56502.1660615     3199.11291
  56502.1662143     3431.61643
  56502.1663670     3324.24337
  56502.1665199     3406.30794
  56502.1666679     3292.10478
  56502.1668255     3660.19456
  56502.1669736     3497.85202
  56502.1671265     3447.31831
  56502.1672792     3699.88430
  56502.1674319     3754.80416
  56502.1675802     3465.13233
  56502.1677328     3564.02012
  56502.1678811     3415.35001
  56502.1680385     3569.14923
  56502.1681867     3360.36050
  56502.1683394     3475.77006
  56502.1684876     3241.01083
  56502.1686404     3280.29898
  56502.1687932     3422.34771
  56502.1689460     3441.35170
  56502.1690941     3233.46201
  56502.1692469     3353.63110
  56502.1694043     3754.97945
  56502.1695526     3235.66755
  56502.1697006     3554.68672
  56502.1698534     3491.02721
  56502.1700063     3618.62709
  56502.1701590     3407.76278
  56502.1703117     3383.49859
  56502.1704599     3454.84835
  56502.1706127     3444.06472
  56502.1707656     3347.17861
  56502.1709137     3248.41847
  56502.1710666     3485.79220
  56502.1712192     3457.25876
  56502.1713720     3526.45185
  56502.1715202     3461.19558
  56502.1716730     3489.07242
  56502.1718258     3360.86438
  56502.1719785     3487.76512
  56502.1722795     3503.52772
  56502.1724322     3750.73209
  56502.1725851     3404.23435
  56502.1727333     3260.87855
  56502.1728861     3267.13353
  56502.1730388     3427.73532
  56502.1731917     3544.03523
  56502.1733444     3359.48780
  56502.1734925     3219.00441
  56502.1736454     3456.57452
  56502.1737981     3457.14038
  56502.1739463     3287.83527
  56502.1740991     3599.52775
  56502.1742519     3570.03972
  56502.1744047     3279.89442
  56502.1745527     3252.15955
  56502.1747057     3619.02641
  56502.1748584     3465.83963
  56502.1750113     3464.31639
  56502.1751593     3489.75059
  56502.1753122     3521.69351
  56502.1754649     3456.94884
  56502.1756177     3440.36713
  56502.1757659     3434.92083
  56502.1759186     3491.24474
  56502.1760715     3541.83146
  56502.1762242     3418.57057
  56502.1763771     3483.98552
  56502.1765252     3341.67905
  56502.1766779     3432.34170
  56502.1768308     3526.63378
  56502.1769789     3455.90152
  56502.1771317     3506.01443
  56502.1772844     3649.52240
  56502.1774373     3594.93864
  56502.1775855     3424.53081
  56502.1777383     3667.26464
  56502.1780439     3562.33556
  56502.1781920     3315.47545
  56502.1783448     3573.86559
  56502.1784975     3618.26133
  56502.1786504     3527.05307
  56502.1787985     3544.05933
  56502.1789514     3699.39722
  56502.1791042     3442.63280
  56502.1792570     3527.30855
  56502.1794097     3592.37434
  56502.1795578     3391.14593
  56502.1797106     3495.06727
  56502.1798633     3456.55050
  56502.1800162     3340.96025
  56502.1801689     3409.07627
  56502.1803171     3390.35126
  56502.1804700     3526.84496
  56502.1807709     3474.75992
  56502.1809236     3581.16193
  56502.1810764     3667.00219
  56502.1812246     3346.63861
  56502.1813773     3699.08370
  56502.1815302     3448.04344
  56502.1816829     3508.62596
  56502.1818312     3378.96983
  56502.1819839     3564.47971
  56502.1821367     3242.29655
  56502.1822895     3362.00448
  56502.1824422     3584.91401
  56502.1825905     3306.39273
  56502.1827432     3578.45828
  56502.1828961     3407.38273
  56502.1830442     3431.51217
  56502.1831970     3567.12339
  56502.1833497     3410.39644
  56502.1835025     3607.07600
  56502.1836507     3418.55542
  56502.1838035     3658.07870
  56502.1839563     3416.02654
  56502.1841091     3494.89676
  56502.1844100     3440.89951
  56502.1845627     3576.01068
  56502.1847156     3399.28883
  56502.1848638     3277.92003
  56502.1850166     3478.70375
  56502.1851693     3564.06160
  56502.1853222     3641.09824
  56502.1854749     3613.67933
  56502.1856230     3299.41184
  56502.1857759     3428.79750
  56502.1859286     3730.92361
  56502.1860768     3553.25349
  56502.1862296     3467.51519
  56502.1863824     3597.34541
  56502.1865352     3590.13905
  56502.1866833     3312.08742
  56502.1868408     3743.22527
  56502.1869888     3394.28864
  56502.1871418     3668.74846
  56502.1872898     3576.66268
  56502.1874427     3340.37098
  56502.1875954     3533.90516
  56502.1877481     3885.01664
  56502.1878964     3728.77700
  56502.1880492     3527.23083
  56502.1882020     3704.55466
  56502.1883547     3493.94591
  56502.1885075     3482.93388
  56502.1888085     3642.58548
  56502.1889613     3780.91278
  56502.1891094     3534.56794
  56502.1892622     3658.33063
  56502.1894151     3466.74179
  56502.1895678     3439.37793
  56502.1897160     3337.40081
  56502.1898687     3518.38503
  56502.1900215     3605.41064
  56502.1901743     3578.14926
  56502.1903225     3397.46425
  56502.1904799     3525.89350
  56502.1906280     3521.54659
  56502.1907808     3528.19800
  56502.1909336     3387.40883
  56502.1910818     3605.79189
  56502.1912345     3364.22239
  56502.1913873     3431.57873
  56502.1915402     3647.41464
  56502.1916883     3531.85450
  56502.1918411     3364.61640
  56502.1919938     3517.69006
  56502.1921421     3362.98038
  56502.1922948     3530.26192
  56502.1924477     3506.38385
  56502.1926004     3420.64181
  56502.1927486     3419.75976
  56502.1929014     3377.92954
  56502.1930542     3591.21769
  56502.1932070     3274.92882
  56502.1933551     3362.48109
  56502.1935079     3516.17957
  56502.1936607     3511.65611
  56502.1938136     3507.47004
  56502.1939662     3450.49308
  56502.1941144     3637.06586
  56502.1942672     3576.06555
  56502.1944200     3599.12639
  56502.1945728     3410.15356
  56502.1947210     3213.74654
  56502.1948738     3367.97062
  56502.1950265     3623.67047
  56502.1951746     3278.81897
  56502.1953274     3551.77654
  56502.1954803     3402.80417
  56502.1956330     3526.12924
  56502.1957811     3408.47191
  56502.1959340     3398.06547
  56502.1960868     3495.28036
  56502.1962396     3496.48560
  56502.1963877     3378.37913
  56502.1965405     3482.30407
  56502.1966933     3562.46206
  56502.1968461     3473.64639
  56502.1969943     3598.36831
  56502.1971471     3369.47422
  56502.1972998     3448.41268
  56502.1974527     3534.71323
  56502.1976054     3614.97644
  56502.1977536     3409.51616
  56502.1979064     3484.46806
  56502.1980591     3189.86076
  56502.1982073     3381.51843
  56502.1983601     3373.43518
  56502.1985129     3395.02604
  56502.1986656     3467.10469
  56502.1988138     3264.55140
  56502.1989713     3703.85911
  56502.1991240     3602.64325
  56502.1992722     3114.26631
  56502.1994203     3244.68428
  56502.1995732     3448.29019
  56502.1997259     3246.91202
  56502.1998786     3555.10565
  56502.2000269     3504.28805
  56502.2001797     3325.43937
  56502.2003325     3726.85219
  56502.2004852     3593.28689
  56502.2006380     3371.30037
  56502.2007861     3341.12731
  56502.2009389     3185.36338
  56502.2010918     3331.60018
  56502.2012399     3249.04133
  56502.2013927     3575.63071
  56502.2015454     3497.68481
  56502.2016983     3474.37641
  56502.2018465     3289.51354
  56502.2019992     3441.45493
  56502.2021520     3422.24181
  56502.2023048     3359.50020
  56502.2024531     3396.94858
  56502.2026058     3449.78071
  56502.2027586     3410.63953
  56502.2029114     3476.88512
  56502.2030595     3264.59127
  56502.2032123     3342.15248
  56502.2033651     3548.96180
  56502.2035178     3506.00478
  56502.2036707     3524.25344
  56502.2038188     3282.10579
  56502.2039717     3214.05265
  56502.2042725     3463.04449
  56502.2044253     3347.75925
  56502.2045782     3375.40702
  56502.2047309     3322.36757
  56502.2048791     3354.42405
  56502.2050365     3648.05736
  56502.2051846     3346.69100
  56502.2053375     3512.53268
  56502.2054855     3477.64347
  56502.2056431     3556.68984
  56502.2057912     3341.50463
  56502.2059439     3552.57423
  56502.2060921     3433.98247
  56502.2062449     3493.74363
  56502.2063977     3371.19843
  56502.2065504     3439.88300
  56502.2067033     3306.64676
  56502.2068514     3278.33169
  56502.2070042     3509.80485
  56502.2071570     3596.82259
  56502.2073052     3218.57470
  56502.2074579     3458.18627
  56502.2076108     3396.06217
  56502.2077635     3481.28551
  56502.2079117     3510.81304
  56502.2080645     3458.45476
  56502.2082173     3302.09534
  56502.2083701     3341.84530
  56502.2085183     3313.27861
  56502.2086710     3355.07032
  56502.2088239     3415.53409
  56502.2089765     3299.26393
  56502.2091247     3308.35665
  56502.2092776     3482.66345
  56502.2094303     3524.92745
  56502.2095832     3363.14842
  56502.2097359     3232.39088
  56502.2098841     3227.92677
  56502.2100368     3349.42531
  56502.2101896     3183.47946
  56502.2104906     3308.20893
  56502.2106434     3453.70550
  56502.2107962     3439.42172
  56502.2109443     3423.18063
  56502.2110972     3327.67419
  56502.2112498     3310.20725
  56502.2114028     3252.10245
  56502.2115508     3149.45589
  56502.2117037     3388.67708
  56502.2118564     3333.03986
  56502.2120091     3245.17827
  56502.2121620     3471.22535
  56502.2123101     3218.00059
  56502.2124630     3338.25068
  56502.2126157     3310.92988
  56502.2127686     3397.11675
  56502.2129167     3260.88210
  56502.2130694     3435.93424
  56502.2132223     3507.09118
  56502.2133704     3278.69947
  56502.2135279     3562.44447
  56502.2136759     3468.87942
  56502.2138289     3242.75503
  56502.2139769     3270.05082
  56502.2141297     3297.65156
  56502.2142825     3441.76871
  56502.2144353     3533.23047
  56502.2145835     3252.15976
  56502.2147363     3372.38140
  56502.2148984     3386.14779
  56502.2150418     3312.29490
  56502.2151901     3136.80971
  56502.2153428     3389.64997
  56502.2154955     3333.78881
  56502.2156484     3293.21606
  56502.2158011     3276.88233
  56502.2159493     3487.04512
  56502.2161020     3111.50649
  56502.2162548     3376.72509
  56502.2164030     3227.75902
  56502.2165558     3381.70279
  56502.2167087     3388.46638
  56502.2168614     3236.47682
  56502.2170096     3222.05502
  56502.2171624     3464.54769
  56502.2173151     3233.60554
  56502.2174680     3304.19993
  56502.2176160     3291.84322
  56502.2177689     3336.70348
  56502.2179217     3402.07078
  56502.2180745     3265.42693
  56502.2182226     3356.13658
  56502.2183754     3443.71923
  56502.2185282     3261.12944
  56502.2186809     3312.22159
  56502.2188338     3312.98090
  56502.2189866     3411.24884
  56502.2191347     3282.45604
  56502.2192875     3485.16213
  56502.2194356     3206.25122
  56502.2195884     3384.22194
  56502.2197413     3387.10172
  56502.2198941     3292.86688
  56502.2200422     3294.16550
  56502.2201950     3421.54270
  56502.2203478     3371.48701
  56502.2205005     3175.05539
  56502.2206534     3365.94721
  56502.2208015     3381.84167
  56502.2209543     3405.47057
  56502.2211071     3419.76325
  56502.2212552     3325.96066
  56502.2214127     3450.48857
  56502.2215608     3359.25960
  56502.2217137     3333.27250
  56502.2218664     3433.91777
  56502.2220146     3224.66208
  56502.2221674     3219.05561
  56502.2223201     3401.72789
  56502.2224683     3076.07970
  56502.2227739     3344.28999
  56502.2229267     3345.60997
  56502.2230795     3458.96619
  56502.2232276     3250.00794
  56502.2233850     3694.39477
  56502.2235332     3068.13799
  56502.2236812     3248.95655
  56502.2238341     3460.51876
  56502.2239869     3492.45723
  56502.2241398     3349.94336
  56502.2242926     3291.82600
  56502.2244406     3283.51305
  56502.2245935     3242.83755
  56502.2247462     3392.64972
  56502.2248990     3379.62707
  56502.2250471     3251.30627
  56502.2252001     3352.56102
  56502.2253528     3517.67460
  56502.2255008     3436.39617
  56502.2256630     3689.21189
  56502.2258064     3167.28800
  56502.2259593     3269.83310
  56502.2261120     3646.87119
  56502.2262602     3465.38966
  56502.2264130     3508.85453
  56502.2265657     3344.37088
  56502.2267186     3642.79936
  56502.2268667     3183.87046
  56502.2270195     3449.59470
  56502.2271723     3338.14857
  56502.2273252     3290.45067
  56502.2274732     3494.32319
  56502.2276260     3380.58807
  56502.2277789     3495.85779
  56502.2279316     3355.00984
  56502.2280798     3259.26873
  56502.2282325     3282.98517
  56502.2283854     3348.97100
  56502.2285382     3556.07226
  56502.2286863     3475.55221
  56502.2288437     3480.88805
  56502.2289919     3352.41055
  56502.2291448     3333.40561
  56502.2292929     3187.83302
  56502.2294457     3376.30235
  56502.2295984     3469.48491
  56502.2297512     3263.27615
  56502.2298994     3291.60507
  56502.2300522     3470.44681
  56502.2302050     3266.20372
  56502.2303577     3373.13674
  56502.2305059     3074.51989
  56502.2306586     3357.86876
  56502.2308114     3227.38727
  56502.2309643     3131.83505
  56502.2311123     3317.22788
  56502.2312653     3377.52018
  56502.2314180     3317.14206
  56502.2315707     3528.61315
  56502.2317189     3375.89707
  56502.2318764     3436.12028
  56502.2320245     3288.78127
  56502.2321773     3342.78552
  56502.2323254     3332.06531
  56502.2324783     3478.54655
  56502.2326310     3251.66131
  56502.2327839     3321.22660
  56502.2329320     3371.61454
  56502.2330895     3557.81139
  56502.2332376     3541.64287
  56502.2333903     3372.11863
  56502.2335385     3369.28560
  56502.2336913     3426.12105
  56502.2338442     3295.69611
  56502.2339970     3356.46294
  56502.2341451     3087.59227
  56502.2343025     3641.08730
  56502.2344506     3232.85903
  56502.2346035     3411.92696
  56502.2347516     3375.69651
  56502.2349044     3474.07439
  56502.2350571     3350.43131
  56502.2352099     3484.90512
  56502.2353581     3346.46414
  56502.2355108     3424.71613
  56502.2356637     3336.96909
  56502.2358165     3437.04232
  56502.2359693     3377.95685
  56502.2361174     3344.87242
  56502.2362701     3507.56197
  56502.2364277     3661.73831
  56502.2365711     3397.59580
  56502.2367240     3573.86881
  56502.2368767     3479.00121
  56502.2370295     3344.66875
  56502.2371776     3472.23478
  56502.2373304     3272.82583
  56502.2374833     3566.57831
  56502.2376360     3461.04413
  56502.2377843     3424.10780
  56502.2379369     3558.79119
  56502.2380898     3424.47099
  56502.2382426     3516.98141
  56502.2383906     3534.52448
  56502.2385435     3430.09090
  56502.2386962     3516.00852
  56502.2388492     3447.79515
  56502.2389973     3534.26784
  56502.2391501     3402.02874
  56502.2393028     3469.53013
  56502.2394556     3415.87852
  56502.2396085     3485.66976
  56502.2397611     3478.24517
  56502.2399094     3269.44588
  56502.2400621     3522.67678
  56502.2402102     3410.06749
  56502.2403631     3635.10719
  56502.2405158     3398.63728
  56502.2406687     3642.83195
  56502.2408214     3362.70040
  56502.2409696     3445.23601
  56502.2411223     3510.98464
  56502.2412751     3397.76239
  56502.2414234     3431.92083
  56502.2417289     3568.21604
  56502.2418817     3751.40471
  56502.2420299     3403.82929
  56502.2421827     3404.21240
  56502.2423355     3577.09924
  56502.2424882     3547.98854
  56502.2426364     3413.89122
  56502.2427893     3537.34953
  56502.2429419     3487.87009
  56502.2430947     3596.51594
  56502.2432430     3350.84663
  56502.2433957     3514.93596
  56502.2435486     3429.06134
  56502.2437012     3355.23237
  56502.2438494     3455.73878
  56502.2440069     3648.35843
  56502.2441550     3255.47035
  56502.2443078     3287.10139
  56502.2444559     3359.65925
  56502.2446087     3491.54643
  56502.2447616     3516.69609
  56502.2449143     3575.54327
  56502.2450625     3474.97522
  56502.2452152     3591.62237
  56502.2453681     3445.99117
  56502.2455209     3396.05390
  56502.2456689     3281.30261
  56502.2458265     3695.78665
  56502.2459745     3430.86399
  56502.2461275     3515.59561
  56502.2462755     3272.40607
  56502.2464329     3753.37203
  56502.2465811     3429.19980
  56502.2467339     3557.93001
  56502.2468821     3450.32299
  56502.2470395     3674.19208
  56502.2471877     3134.77728
  56502.2473405     3428.97570
  56502.2474886     3219.31017
  56502.2476413     3510.71633
  56502.2477942     3449.32650
  56502.2479470     3682.12135
  56502.2480998     3687.28613
  56502.2482479     3621.77934
  56502.2484007     3354.17791
  56502.2485534     3429.79597
  56502.2487017     3336.99077
  56502.2488591     3394.20713
  56502.2490072     3559.69730
  56502.2491600     3329.57141
  56502.2493082     3474.78539
  56502.2494610     3622.78454
  56502.2496138     3465.98423
  56502.2497666     3618.47554
  56502.2499146     3487.61502
  56502.2500674     3464.75022
  56502.2502203     3436.30917
  56502.2503730     3528.20991
  56502.2505212     3454.25540
  56502.2506740     3334.63170
  56502.2508268     3537.42089
  56502.2509796     3387.93256
  56502.2511276     3238.83745
  56502.2512805     3594.64674
  56502.2514333     3391.58623
  56502.2517343     3372.91250
  56502.2518871     3451.23232
  56502.2520399     3439.80153
  56502.2521926     3335.36377
  56502.2523408     3413.48827
  56502.2524935     3370.93327
  56502.2526464     3355.71694
  56502.2527992     3358.48740
  56502.2529473     3122.58008
  56502.2532529     3691.24016
  56502.2534058     3420.55166
  56502.2535537     3287.64339
  56502.2537067     3267.80624
  56502.2538594     3303.04055
  56502.2540122     3516.69830
  56502.2541603     3306.82575
  56502.2543131     3331.84659
  56502.2544659     3502.66115
  56502.2546187     3351.58208
  56502.2547669     3144.54459
  56502.2549196     3226.09510
  56502.2550725     3378.66826
  56502.2552253     3482.43344
  56502.2553735     3305.02453
  56502.2555263     3611.56450
  56502.2556789     3520.38440
  56502.2558317     3505.79743
  56502.2559799     3218.98678
  56502.2561327     3383.70384
  56502.2562855     3730.10846
  56502.2564382     3431.11342
  56502.2565865     3308.82677
  56502.2567392     3471.36989
  56502.2568921     3448.86777
  56502.2570448     3393.23808
  56502.2571930     3058.36696
  56502.2573505     3448.34812
  56502.2574985     3246.56244
  56502.2576514     3343.16413
  56502.2578040     3475.76806
  56502.2579524     3175.75627
  56502.2581050     3358.77968
  56502.2582580     3264.80092
  56502.2584060     3260.36633
  56502.2585588     3580.33644
  56502.2587116     3384.23747
  56502.2588643     3278.97324
  56502.2590126     3398.59078
  56502.2591654     3397.26956
  56502.2593181     3350.80985
  56502.2594709     3537.48261
  56502.2596191     3340.26432
  56502.2597766     3517.50952
  56502.2599246     3305.32507
  56502.2600774     3430.77233
  56502.2602256     3293.22118
  56502.2603830     3600.42841
  56502.2605312     3284.22131
  56502.2606839     3144.69369
  56502.2608322     3266.44220
  56502.2609850     3344.28079
  56502.2611377     3301.33866
  56502.2612905     3334.73666
  56502.2614387     3235.86984
  56502.2615915     3472.75184
  56502.2617443     3216.57965
  56502.2618970     3377.86396
  56502.2620451     3296.91288
  56502.2621979     3485.12995
  56502.2623507     3518.96481
  56502.2625035     3466.67382
  56502.2626517     3202.46330
  56502.2628092     3461.73366
  56502.2629574     3146.01611
  56502.2631101     3340.30418
  56502.2632583     3441.05409
  56502.2634110     3298.81570
  56502.2635638     3366.15738
  56502.2637167     3506.14244
  56502.2638647     3371.97896
  56502.2640176     3568.03716
  56502.2641704     3244.08928
  56502.2643230     3517.04216
  56502.2644713     3308.98044
  56502.2646240     3595.33362
  56502.2647769     3324.55461
  56502.2649297     3497.29445
  56502.2650778     3262.52188
  56502.2652306     3721.61790
  56502.2653834     3454.35031
  56502.2655361     3455.01389
  56502.2656843     3291.85017
  56502.2658372     3531.40853
  56502.2659899     3440.31560
  56502.2661428     3306.30177
  56502.2662908     3368.15466
  56502.2664437     3495.87917
  56502.2665965     3352.75344
  56502.2667491     3363.56097
  56502.2668974     3212.97899
  56502.2670502     3404.07355
  56502.2672030     3309.63612
  56502.2675040     3231.50838
  56502.2676567     3224.92228
  56502.2678094     3440.24687
  56502.2679623     3527.82064
  56502.2681104     3312.17869
  56502.2682631     3413.00400
  56502.2684160     3519.99662
  56502.2685688     3430.28360
  56502.2687170     3272.70926
  56502.2688697     3196.01059
  56502.2690227     3155.35713
  56502.2691753     3431.96469
  56502.2693235     3204.71328
  56502.2694763     3426.72002
  56502.2696291     3289.71348
  56502.2697819     3302.40764
  56502.2699347     3541.86030
  56502.2700827     3466.35176
  56502.2702355     3316.46351
  56502.2703883     3354.02985
  56502.2705366     3232.26967
  56502.2706893     3353.37795
  56502.2708421     3358.16349
  56502.2709949     3462.25895
  56502.2711476     3439.02433
  56502.2712959     3278.31841
  56502.2714486     3233.00680
  56502.2716015     3191.50700
  56502.2717496     3246.97274
  56502.2720551     3207.05141
  56502.2722080     3195.62630
  56502.2723561     3185.70329
  56502.2725089     3202.76448
  56502.2726617     3133.16874
  56502.2728144     3299.49380
  56502.2729626     3442.98874
  56502.2731155     3475.68444
  56502.2732682     3359.30415
  56502.2734210     3373.87580
  56502.2735692     3158.93098
  56502.2737220     3225.42787
  56502.2738748     3390.49799
  56502.2740275     3335.07423
  56502.2741756     3273.99106
  56502.2743285     3371.36741
  56502.2744812     3316.89812
  56502.2746340     3363.93645
  56502.2747821     3105.43417
  56502.2749350     3407.21386
  56502.2750877     3512.95323
  56502.2752405     3145.71931
  56502.2753887     3056.62984
  56502.2755415     3359.33615
  56502.2756943     3328.53567
  56502.2758472     3520.63583
  56502.2759952     3283.38385
  56502.2761526     3553.01174
  56502.2763009     3116.01468
  56502.2764536     3412.09471
  56502.2766018     3244.90552
  56502.2767546     3249.57535
  56502.2769073     3139.87411
  56502.2770602     3254.31400
  56502.2772083     3261.08947
  56502.2773611     3078.61737
  56502.2775138     3278.46767
  56502.2776668     3304.68933
  56502.2778148     3411.30941
  56502.2779675     3284.05850
  56502.2781205     3494.17602
  56502.2782731     3416.33921
  56502.2784214     3389.19813
  56502.2785742     3408.02288
  56502.2787269     3093.85359
  56502.2788797     3305.25354
  56502.2790279     3386.83088
  56502.2791807     3201.01131
  56502.2793334     3309.77260
  56502.2794863     3352.72221
  56502.2796343     3188.88883
  56502.2797872     3388.69607
  56502.2799399     3287.01284
  56502.2800927     3285.10884
  56502.2802409     3102.19917
  56502.2803937     3229.51712
  56502.2805465     3380.13801
  56502.2806993     3369.15541
  56502.2808474     3161.57507
  56502.2810003     2987.15730
  56502.2811530     3545.83207
  56502.2813058     3299.44820
  56502.2814540     3368.94933
  56502.2816068     3544.15569
  56502.2817595     3406.65652
  56502.2819123     3474.48476
  56502.2820606     3263.43143
  56502.2822133     3253.84539
  56502.2823661     3333.04743
  56502.2825188     3323.92563
  56502.2826716     3266.13412
  56502.2828199     3393.04777
  56502.2829726     3336.72983
  56502.2831253     3142.58821
  56502.2832735     3250.83779
  56502.2834264     3283.35549
  56502.2835792     3360.52889
  56502.2837318     3319.98227
  56502.2838801     3326.59668
  56502.2840329     3417.62173
  56502.2841857     3245.27599
  56502.2843384     3511.19396
  56502.2844866     3337.26502
  56502.2846394     3527.46259
  56502.2847921     3292.27722
  56502.2849450     3164.32100
  56502.2850931     3354.54496
  56502.2852460     3384.47392
  56502.2853987     3338.51382
  56502.2855515     3144.49756
  56502.2856996     3219.58186
  56502.2858524     3235.50035
  56502.2860053     3438.22757
  56502.2861581     3679.37177
  56502.2863061     3447.43015
  56502.2864590     3310.97915
  56502.2866117     3359.07986
  56502.2867646     3539.98850
  56502.2869127     3182.56431
  56502.2870655     3434.73008
  56502.2872183     3445.54026
  56502.2873710     3353.36733
  56502.2875193     3262.27768
  56502.2876720     3375.05599
  56502.2878249     3116.78213
  56502.2879775     3333.91983
  56502.2881257     3425.18608
  56502.2882786     3490.07387
  56502.2884314     3388.06228
  56502.2885842     3466.32648
  56502.2887322     3228.58954
  56502.2888851     3401.95518
  56502.2890378     3447.34465
  56502.2891906     3530.45884
  56502.2893388     3302.23027
  56502.2894916     3471.67841
  56502.2896444     3447.71254
  56502.2897971     3511.18569
  56502.2899453     3247.94773
  56502.2900981     3468.78812
  56502.2902509     3645.50047
  56502.2904037     3404.65334
  56502.2905564     3490.03635
  56502.2907047     3275.54456
  56502.2908574     3452.78038
  56502.2910103     3624.87065
  56502.2911584     3362.78421
  56502.2913112     3440.70669
  56502.2914640     3365.67018
  56502.2916167     3410.98879
  56502.2917649     3265.78779
  56502.2919177     3394.88850
  56502.2920706     3213.45789
  56502.2922232     3427.45035
  56502.2923713     3369.02677
  56502.2925242     3314.70410
  56502.2926770     3434.41042
  56502.2928298     3281.31024
  56502.2929779     3464.79480
  56502.2931308     3356.98181
  56502.2932835     3521.69589
  56502.2934363     3373.69059
  56502.2935891     3440.47561
  56502.2937372     3390.56178
  56502.2938901     3258.40845
  56502.2940429     3372.20268
  56502.2941909     3428.97983
  56502.2943438     3585.23536
  56502.2944966     3498.53929
  56502.2946494     3620.55016
  56502.2947975     3579.28242
  56502.2949503     3611.63235
  56502.2951031     3479.98196
  56502.2952558     3460.00378
  56502.2954041     3416.65993
  56502.2955568     3667.40201
  56502.2957097     3627.64406
  56502.2958625     3279.48296
  56502.2960105     3281.54072
  56502.2961634     3478.51536
  56502.2963161     3533.61096
  56502.2964690     3588.73801
  56502.2966170     3104.06877
  56502.2967699     3624.99108
  56502.2969227     3444.15204
  56502.2970754     3515.70661
  56502.2972236     3349.58108
  56502.2973763     3430.99368
  56502.2975292     3362.81190
  56502.3932124     3838.42795
  56502.3933647     3467.91544
  56502.3935176     3246.63729
  56502.3936657     3093.65188
  56502.3938186     3244.87260
  56502.3939712     3330.48000
  56502.3941239     3221.24518
  56502.3942769     3164.77121
  56502.3944296     3395.99187
  56502.3945778     3137.22106
  56502.3947305     3400.99845
  56502.3948788     3262.04216
  56502.3950315     3520.79571
  56502.3951843     3358.63707
  56502.3953372     3508.86599
  56502.3954852     3185.47055
  56502.3956381     3480.25304
  56502.3957907     3487.49537
  56502.3959437     3240.68839
  56502.3960918     3438.88240
  56502.3963974     3447.89926
  56502.3965501     3447.32375
  56502.3967030     3450.23720
  56502.3968557     3290.71649
  56502.3970039     3414.56552
  56502.3971567     3434.67343
  56502.3973094     3278.36930
  56502.3974576     3575.81455
  56502.3976104     3310.37438
  56502.3977632     3415.02813
  56502.3979160     3541.00232
  56502.3980641     3235.99872
  56502.3982169     3546.27362
  56502.3983697     3144.18592
  56502.3985178     3438.68346
  56502.3986706     3252.97191
  56502.3988281     3418.37996
  56502.3989762     3198.79608
  56502.3991243     3056.26146
  56502.3992772     3273.02020
  56502.3994299     3539.74128
  56502.3995828     3289.30271
  56502.3997309     3181.55589
  56502.3998837     3338.10893
  56502.4000365     3399.82202
  56502.4001893     3284.17002
  56502.4003420     3562.81217
  56502.4004949     3513.25731
  56502.4006431     3422.13253
  56502.4007959     3503.61077
  56502.4009441     3396.10213
  56502.4010968     3447.23746
  56502.4012495     3324.34139
  56502.4014023     3445.84253
  56502.4015504     3424.88621
  56502.4017033     3537.80254
  56502.4018607     3543.54022
  56502.4020088     3552.63949
  56502.4021570     3301.78792
  56502.4023098     3448.80699
  56502.4024626     3243.04446
  56502.4026154     3515.81781
  56502.4027636     3239.20359
  56502.4029164     3592.55074
  56502.4030691     3489.34450
  56502.4032219     3469.16191
  56502.4033747     3419.40143
  56502.4035229     3470.58327
  56502.4036757     3438.21097
  56502.4038285     3409.51210
  56502.4039766     3476.88030
  56502.4041295     3194.39775
  56502.4042821     3479.49053
  56502.4044349     3493.26816
  56502.4045832     3497.80362
  56502.4047359     3297.89604
  56502.4048886     3329.12868
  56502.4050415     3353.28367
  56502.4051896     3490.77350
  56502.4053425     3310.07251
  56502.4054951     3510.24308
  56502.4056480     3545.34475
  56502.4057961     3486.07046
  56502.4059490     3459.57015
  56502.4061018     3350.44408
  56502.4062544     3336.68971
  56502.4064074     3301.14113
  56502.4065554     3370.30515
  56502.4067083     3608.26225
  56502.4068610     3394.46550
  56502.4070139     3572.66134
  56502.4071620     3459.23071
  56502.4073149     3588.79983
  56502.4074676     3495.36808
  56502.4076203     3427.62059
  56502.4077686     3381.28717
  56502.4079213     3344.46371
  56502.4080741     3514.49186
  56502.4082223     3419.32929
  56502.4083750     3477.00820
  56502.4085279     3340.80100
  56502.4086806     3633.07321
  56502.4088288     3442.26522
  56502.4089816     3288.17335
  56502.4091344     3637.19243
  56502.4092872     3555.65273
  56502.4094399     3383.63574
  56502.4095881     3366.97154
  56502.4097408     3438.28933
  56502.4098937     3410.90123
  56502.4100511     3444.59785
  56502.4101945     3337.78149
  56502.4103474     3610.99867
  56502.4105002     3410.58854
  56502.4106483     3403.47600
  56502.4108012     3546.18260
  56502.4109539     3357.44277
  56502.4111068     3638.67688
  56502.4112549     3388.65486
  56502.4114077     3507.98554
  56502.4115604     3521.26441
  56502.4117132     3478.13048
  56502.4118615     3588.90939
  56502.4120142     3475.01633
  56502.4121670     3730.58303
  56502.4123198     3403.63032
  56502.4124726     3371.82942
  56502.4126207     3332.39863
  56502.4127734     3448.33415
  56502.4129263     3467.31468
  56502.4130744     3511.76932
  56502.4132319     3467.14390
  56502.4133800     3303.87678
  56502.4135327     3331.42507
  56502.4136810     3428.48662
  56502.4138384     3492.48235
  56502.4139866     3369.67627
  56502.4141394     3465.86784
  56502.4142876     3230.84844
  56502.4144403     3585.76275
  56502.4145931     3321.04306
  56502.4147459     3559.00948
  56502.4148940     3598.00656
  56502.4150469     3597.86122
  56502.4151996     3434.48651
  56502.4153524     3647.96925
  56502.4155052     3434.46637
  56502.4156532     3260.89770
  56502.4158062     3451.54971
  56502.4159588     3636.61531
  56502.4161071     3437.82613
  56502.4162599     3500.21538
  56502.4164128     3606.78005
  56502.4165655     3547.71536
  56502.4167136     3463.14120
  56502.4168664     3609.73583
  56502.4170238     3659.59367
  56502.4171720     3350.95170
  56502.4173202     3466.86153
  56502.4174730     3525.78856
  56502.4176257     3572.51510
  56502.4177785     3444.84119
  56502.4179313     3489.98414
  56502.4180794     3471.90157
  56502.4182323     3677.36363
  56502.4183850     3564.79409
  56502.4185377     3507.81078
  56502.4186859     3491.10612
  56502.4188388     3546.43348
  56502.4189915     3605.35656
  56502.4191396     3464.63471
  56502.4192925     3516.42487
  56502.4194453     3476.33076
  56502.4195981     3495.13643
  56502.4197462     3578.37236
  56502.4198990     3437.97987
  56502.4200519     3537.95855
  56502.4202045     3248.76398
  56502.4203527     3611.86904
  56502.4205055     3581.80869
  56502.4206583     3598.46642
  56502.4208158     3567.84224
  56502.4209592     3212.31768
  56502.4211120     3448.38868
  56502.4212648     3573.32151
  56502.4214176     3429.32832
  56502.4215705     3860.84622
  56502.4217185     3250.01902
  56502.4218714     3565.89510
  56502.4220242     3432.22474
  56502.4221724     3365.46112
  56502.4223252     3477.36728
  56502.4224779     3627.26183
  56502.4226307     3406.01464
  56502.4227788     3412.63265
  56502.4229318     3484.32421
  56502.4230844     3631.54762
  56502.4232373     3716.96675
  56502.4233855     3342.00045
  56502.4235382     3497.16512
  56502.4236909     3590.53565
  56502.4238437     3596.59688
  56502.4239920     3456.31785
  56502.4241447     3701.45115
  56502.4242974     3330.34177
  56502.4244503     3548.78208
  56502.4246030     3471.59781
  56502.4247558     3569.44019
  56502.4249040     3404.54866
  56502.4250568     3496.43830
  56502.4252050     3356.53196
  56502.4253578     3475.11226
  56502.4255105     3430.40479
  56502.4256632     3526.96160
  56502.4258116     3185.42190
  56502.4259643     3439.82760
  56502.4261171     3475.61521
  56502.4262699     3464.10432
  56502.4264180     3443.85117
  56502.4265709     3454.16552
  56502.4267236     3445.43368
  56502.4268765     3580.41135
  56502.4270245     3412.30974
  56502.4271774     3404.73783
  56502.4273301     3231.14879
  56502.4274829     3575.81804
  56502.4277838     3373.55669
  56502.4279367     3524.51667
  56502.4280894     3281.09748
  56502.4282422     3342.17933
  56502.4283903     3453.01342
  56502.4285433     3436.72867
  56502.4286960     3538.84317
  56502.4288440     3422.12468
  56502.4289969     3601.42888
  56502.4291497     3499.02648
  56502.4293025     3460.85761
  56502.4294506     3324.84538
  56502.4296034     3415.51358
  56502.4297562     3642.98879
  56502.4299090     3484.83794
  56502.4300572     3351.84421
  56502.4302099     3506.54101
  56502.4303629     3638.73078
  56502.4305156     3476.66748
  56502.4306684     3392.99338
  56502.4308164     3495.42106
  56502.4309693     3361.69402
  56502.4311220     3358.24904
  56502.4312747     3427.42433
  56502.4314231     3464.47183
  56502.4315804     3578.86687
  56502.4317285     3457.37405
  56502.4318767     3111.31041
  56502.4320295     3561.51726
  56502.4321870     3530.17142
  56502.4323350     3311.70625
  56502.4324832     3351.99519
  56502.4326360     3478.98279
  56502.4327888     3235.76399
  56502.4329416     3367.39238
  56502.4330898     3338.30348
  56502.4332427     3577.67037
  56502.4333954     3373.41224
  56502.4335481     3465.31863
  56502.4337010     3464.04485
  56502.4338491     3291.58711
  56502.4340019     3356.89757
  56502.4341547     3347.66414
  56502.4343029     3613.92304
  56502.4344557     3645.53798
  56502.4346084     3528.71676
  56502.4347612     3385.22643
  56502.4349094     3350.58472
  56502.4350622     3244.50864
  56502.4352149     3370.12581
  56502.4355159     3558.09283
  56502.4356733     3449.40641
  56502.4358215     3259.22551
  56502.4359742     3258.03524
  56502.4361271     3391.88424
  56502.4362752     3345.24556
  56502.4364281     3441.90874
  56502.4365808     3365.31575
  56502.4367336     3476.69726
  56502.4368864     3442.56093
  56502.4370345     3328.53224
  56502.4371873     3560.32236
  56502.4373355     3208.72379
  56502.4374882     3372.12270
  56502.4376411     3533.81807
  56502.4377938     3413.10208
  56502.4379421     3349.38495
  56502.4380994     3501.74058
  56502.4382476     3368.55732
  56502.4384004     3131.51009
  56502.4385485     3385.95071
  56502.4387014     3458.96551
  56502.4388541     3427.14381
  56502.4390070     3333.55505
  56502.4391550     3096.42269
  56502.4393124     3374.91431
  56502.4394607     3289.96232
  56502.4396134     3270.27417
  56502.4397662     3378.36763
  56502.4399143     3322.43316
  56502.4400672     3427.79741
  56502.4402200     3257.12199
  56502.4403681     3183.23709
  56502.4405210     3355.16696
  56502.4406736     3541.93074
  56502.4408264     3365.79884
  56502.4409747     3085.23226
  56502.4411275     3260.06843
  56502.4412802     3301.65088
  56502.4414330     3322.95731
  56502.4415811     3320.62378
  56502.4417386     3432.18706
  56502.4418866     3201.57069
  56502.4420395     3273.60152
  56502.4421877     3351.25836
  56502.4423451     3340.87303
  56502.4424932     3214.26705
  56502.4426460     3318.06092
  56502.4427988     3199.83414
  56502.4429469     3413.02062
  56502.4430998     3491.80296
  56502.4432525     3501.77276
  56502.4434006     3209.17873
  56502.4435535     3336.05225
  56502.4437063     3403.69618
  56502.4438592     3252.61493
  56502.4440072     3298.31922
  56502.4441601     3455.59043
  56502.4443128     3445.77721
  56502.4444655     3308.24631
  56502.4446138     3033.21470
  56502.4447665     3500.79937
  56502.4449194     3287.60199
  56502.4450721     3245.67619
  56502.4452203     3307.48521
  56502.4453731     3530.05957
  56502.4455259     3357.15492
  56502.4458314     3318.64000
  56502.4459796     3266.47905
  56502.4461324     3204.19953
  56502.4462852     3450.96804
  56502.4464333     3024.79878
  56502.4465907     3454.43846
  56502.4467389     3206.50615
  56502.4468916     3357.93637
  56502.4470445     3355.35092
  56502.4471926     3334.58363
  56502.4473455     3329.58899
  56502.4474982     3315.29391
  56502.4476464     3161.95822
  56502.4477992     3423.41309
  56502.4479519     3398.31912
  56502.4481048     3405.64200
  56502.4482528     3142.21081
  56502.4484057     3258.81789
  56502.4485585     3470.65131
  56502.4487113     3452.38290
  56502.4488641     3309.26867
  56502.4490121     3201.80583
  56502.4491650     3484.18041
  56502.4493178     3238.19724
  56502.4494660     3333.91665
  56502.4496188     3327.50798
  56502.4497715     3362.82325
  56502.4499243     3471.13990
  56502.4500770     3342.63137
  56502.4502253     3269.59355
  56502.4503780     3198.30009
  56502.4505308     3539.67998
  56502.4506837     3214.56353
  56502.4508317     3269.54032
  56502.4509846     3229.79456
  56502.4511373     3445.83369
  56502.4512855     3277.28714
  56502.4514384     3323.46148
  56502.4515911     3468.80035
  56502.4517439     3280.64569
  56502.4518967     3266.27547
  56502.4520448     3270.05959
  56502.4521976     3355.35776
  56502.4523505     3471.22884
  56502.4524985     3250.11656
  56502.4526514     3243.43092
  56502.4528041     3393.25903
  56502.4529569     3346.36671
  56502.4531097     3428.18208
  56502.4532578     3441.94262
  56502.4534107     3265.99389
  56502.4535635     3192.12141
  56502.4537116     3398.31443
  56502.4538645     3409.51563
  56502.4540171     3165.57863
  56502.4541700     3386.11164
  56502.4543182     3220.35567
  56502.4544709     3379.61484
  56502.4546237     3435.11807
  56502.4547765     3596.68841
  56502.4549294     3345.09310
  56502.4550774     3472.91952
  56502.4552303     3347.99316
  56502.4553830     3252.27937
  56502.4555405     3337.49896
  56502.4556840     3073.03900
  56502.4558368     3324.43534
  56502.4559895     3327.36468
  56502.4561422     3346.03609
  56502.4562905     3278.19877
  56502.4564479     3405.08512
  56502.4565961     3215.43508
  56502.4567442     3387.50792
  56502.4568970     3304.99501
  56502.4570498     3268.02752
  56502.4572025     3495.23265
  56502.4573554     3323.58686
  56502.4575036     3375.10490
  56502.4576564     3539.81591
  56502.4578091     3382.37527
  56502.4579620     3384.74451
  56502.4581101     3353.87347
  56502.4582629     3466.56155
  56502.4584157     3379.45664
  56502.4585638     3305.21940
  56502.4587167     3237.34746
  56502.4588695     3376.91330
  56502.4590221     3213.67076
  56502.4591704     3196.64523
  56502.4593231     3508.15606
  56502.4594760     3468.99193
  56502.4596287     3495.32707
  56502.4597815     3498.76895
  56502.4599344     3398.40685
  56502.4600824     3329.72886
  56502.4602353     3641.90970
  56502.4603880     3155.23631
  56502.4605363     3089.70223
  56502.4606889     3540.82691
  56502.4608418     3455.45837
  56502.4609946     3460.70118
  56502.4611426     3253.93053
  56502.4612956     3537.61728
  56502.4614483     3491.15583
  56502.4615965     3527.19137
  56502.4617492     3212.11344
  56502.4619020     3562.62518
  56502.4620548     3317.25556
  56502.4622075     3334.31533
  56502.4623558     3263.14353
  56502.4625085     3472.62377
  56502.4626614     3508.41804
  56502.4628141     3443.89690
  56502.4629670     3353.90991
  56502.4631151     3342.14849
  56502.4632678     3523.24361
  56502.4634206     3381.53319
  56502.4635687     3514.93342
  56502.4637217     3328.39181
  56502.4638744     3510.54121
  56502.4640271     3326.75109
  56502.4641754     3422.40353
  56502.4643328     3633.35873
  56502.4644810     3443.43812
  56502.4646291     3214.43948
  56502.4647819     3578.76079
  56502.4649346     3401.75729
  56502.4650874     3495.32504
  56502.4652402     3396.12042
  56502.4653883     3298.73399
  56502.4655412     3263.25407
  56502.4656940     3481.10644
  56502.4658467     3568.09106
  56502.4659949     3372.69091
  56502.4661523     3284.43875
  56502.4663051     3376.44811
  56502.4664533     3360.35759
  56502.4666015     3388.76125
  56502.4667543     3374.98980
  56502.4669070     3465.52039
  56502.4670599     3667.79540
  56502.4672080     3307.30858
  56502.4673654     3327.04355
  56502.4676663     3360.18973
  56502.4678145     3375.49824
  56502.4679673     3412.01053
  56502.4681202     3372.40608
  56502.4682729     3324.43774
  56502.4684211     3383.51019
  56502.4685739     3426.50007
  56502.4687265     3559.71049
  56502.4688794     3482.32231
  56502.4690275     3387.86968
  56502.4691804     3451.21045
  56502.4693332     3426.50672
  56502.4694858     3332.86527
  56502.4696341     3479.51754
  56502.4697869     3456.27977
  56502.4699397     3483.22950
  56502.4700924     3423.44643
  56502.4702407     3437.86691
  56502.4703934     3603.33102
  56502.4705462     3502.58665
  56502.4706989     3483.62277
  56502.4708470     3334.32198
  56502.4710000     3588.63447
  56502.4711527     3588.87833
  56502.4713055     3591.31181
  56502.4714536     3416.04458
  56502.4716065     3435.95276
  56502.4717592     3410.96086
  56502.4719120     3365.72768
  56502.4720648     3335.54722
  56502.4723658     3333.33571
  56502.4725185     3481.38728
  56502.4726667     3357.22802
  56502.4728195     3470.63042
  56502.4729722     3411.50795
  56502.4731251     3517.47691
  56502.4732732     3301.42146
  56502.4734261     3416.42061
  56502.4735788     3581.51707
  56502.4737316     3389.48929
  56502.4738798     3477.21902
  56502.4740325     3338.57318
  56502.4741854     3534.02368
  56502.4743381     3664.32706
  56502.4744862     3372.31645
  56502.4746390     3329.19024
  56502.4747918     3425.89820
  56502.4749447     3454.60734
  56502.4750927     3416.82166
  56502.4752455     3716.13289
  56502.4753983     3442.66050
  56502.4755511     3516.62570
  56502.4757039     3478.63789
  56502.4758521     3257.66193
  56502.4760049     3458.93744
  56502.4761577     3627.66034
  56502.4763058     3340.68981
  56502.4764587     3463.70708
  56502.4766114     3459.47221
  56502.4767642     3434.53746
  56502.4769124     3285.17169
  56502.4770698     3409.24719
  56502.4772179     3402.51260
  56502.4773707     3554.42897
  56502.4775189     3298.18825
  56502.4776717     3383.24039
  56502.4778244     3400.03448
  56502.4779773     3397.03190
  56502.4781254     3506.14970
  56502.4782783     3466.78479
  56502.4784310     3636.95330
  56502.4785838     3540.18898
  56502.4787365     3468.74936
  56502.4788893     3493.06032
  56502.4790376     3305.41467
  56502.4791902     3483.80026
  56502.4793385     3353.85634
  56502.4794913     3545.27815
  56502.4796441     3569.21984
  56502.4797968     3384.43238
  56502.4799450     3237.64445
  56502.4800978     3404.06436
  56502.4802505     3514.30894
  56502.4804034     3447.80438
  56502.4805514     3339.84699
  56502.4807044     3383.36303
  56502.4808570     3470.89998
  56502.4810099     3209.31969
  56502.4813154     3408.15256
  56502.4814636     3439.70413
  56502.4816163     3359.95604
  56502.4817692     3643.65302
  56502.4819220     3566.61974
  56502.4820702     3504.45556
  56502.4822229     3532.05031
  56502.4823710     3423.94864
  56502.4825239     3373.82017
  56502.4826767     3559.52594
  56502.4828294     3593.99274
  56502.4829776     3257.82892
  56502.4831303     3376.42396
  56502.4832832     3401.03116
  56502.4834359     3590.83607
  56502.4835841     3285.79346
  56502.4837369     3624.23465
  56502.4840425     3488.75182
  56502.4841906     3576.74634
  56502.4843434     3524.79071
  56502.4844962     3361.10127
  56502.4846491     3722.22602
  56502.4847971     3393.47106
  56502.4849499     3474.17405
  56502.4851027     3504.02529
  56502.4852556     3451.58753
  56502.4854038     3253.16613
  56502.4855612     3509.76240
  56502.4857093     3430.39344
  56502.4858621     3468.18442
  56502.4860148     3400.94849
  56502.4861630     3581.69431
  56502.4863157     3514.65543
  56502.4864687     3510.34319
  56502.4866168     3356.75819
  56502.4867695     3655.14295
  56502.4869223     3460.95288
  56502.4870751     3429.06226
  56502.4872233     3186.21457
  56502.4873807     3467.48354
  56502.4875288     3312.94065
  56502.4876816     3398.09516
  56502.4878344     3138.57232
  56502.4879826     3444.21259
  56502.4881353     3414.07004
  56502.4884409     3432.50348
  56502.4885937     3591.01872
  56502.4887419     3401.37962
  56502.4888946     3345.30739
  56502.4890429     3543.85288
  56502.4891956     3454.65582
  56502.4893485     3456.23379
  56502.4895012     3566.95795
  56502.4896493     3438.69519
  56502.4898069     3428.38622
  56502.4899549     3431.39714
  56502.4901078     3559.32616
  56502.4902605     3453.58836
  56502.4904087     3304.46731
  56502.4905615     3610.46558
  56502.4907142     3518.23071
  56502.4908624     3420.98803
  56502.4910152     3528.95745
  56502.4911681     3231.76601
  56502.4913207     3390.70910
  56502.4914690     3453.61916
  56502.4916264     3516.85235
  56502.4917745     3294.04897
  56502.4919274     3408.20130
  56502.4920754     3371.86391
  56502.4922283     3373.83274
  56502.4923811     3520.37620
  56502.4925339     3386.20077
  56502.4926819     3387.88836
  56502.4928394     3442.94932
  56502.4929876     3410.76934
  56502.4931403     3354.41475
  56502.4932885     3350.60879
  56502.4934413     3288.40862
  56502.4935940     3289.80759
  56502.4937469     3427.00478
  56502.4938950     3427.77562
  56502.4940478     3485.64665
  56502.4942006     3399.59216
  56502.4943535     3547.23554
  56502.4945016     3338.13780
  56502.4946544     3511.18206
  56502.4948072     3535.28450
  56502.4949599     3502.67117
  56502.4951081     3301.59332
  56502.4952608     3526.17649
  56502.4954137     3363.74921
  56502.4955665     3344.28870
  56502.4957193     3624.36521
  56502.4958674     3143.69493
  56502.4960202     3417.97563
  56502.4961730     3538.74038
  56502.4963211     3270.85614
  56502.4964739     3384.94949
  56502.4966267     3672.58848
  56502.4967795     3516.83476
  56502.4969277     3228.13289
  56502.4970805     3308.76276
  56502.4972332     3393.31702
  56502.4973860     3365.00231
  56502.4975342     3345.18488
  56502.4976869     3397.38529
  56502.4978397     3420.11475
  56502.4979926     3477.07530
  56502.4981407     3380.16405
  56502.4982936     3453.59003
  56502.4984462     3469.61077
  56502.4985991     3345.63129
  56502.4987473     3428.63953
  56502.4988999     3376.28446
  56502.4990529     3327.99231
  56502.4992056     3381.64691
  56502.4993585     3320.01306
  56502.4995065     3459.36223
  56502.4996594     3420.17155
  56502.4998121     3472.79735
  56502.4999603     3259.51780
  56502.5001132     3238.12716
  56502.5002658     3364.20975
  56502.5004187     3251.71873
  56502.5005668     3344.37595
  56502.5007196     3425.19767
  56502.5008724     3389.30120
  56502.5010298     3241.42437
  56502.5011733     3280.15009
  56502.5013261     3522.46183
  56502.5014790     3278.03176
  56502.5016317     3465.30726
  56502.5017845     3249.63459
  56502.5019326     3279.04654
  56502.5020853     3526.58266
  56502.5022383     3386.69835
  56502.5023864     3295.81367
  56502.5025392     3408.96317
  56502.5026920     3105.21662
  56502.5028448     3377.71755
  56502.5029975     3447.38277
  56502.5031457     3281.21151
  56502.5032986     3401.25063
  56502.5034512     3620.37620
  56502.5036040     3307.47247
  56502.5037522     3262.79029
  56502.5039050     3241.77933
  56502.5040578     3275.88677
  56502.5043588     3327.29430
  56502.5045115     3410.92838
  56502.5046643     3371.74942
  56502.5048124     3363.48269
  56502.5049654     3227.71616
  56502.5051181     3368.16641
  56502.5052708     3427.44209
  56502.5054190     3213.02627
  56502.5055718     3347.60783
  56502.5057246     3260.36482
  56502.5058773     3350.54060
  56502.5060302     3338.25160
  56502.5061783     3354.49146
  56502.5063311     3329.25636
  56502.5064840     3387.46217
  56502.5066321     3403.79057
  56502.5067848     3359.20137
  56502.5069376     3278.84586
  56502.5070904     3231.52515
  56502.5072386     3704.01928
  56502.5073913     3174.64955
  56502.5075441     3369.08992
  56502.5078451     3251.81808
  56502.5079979     3403.13389
  56502.5081507     3455.88418
  56502.5083036     3461.46373
  56502.5086044     3438.96630
  56502.5087573     3256.68307
  56502.5089100     3331.22995
  56502.5090582     3265.41831
  56502.5092109     3389.59368
  56502.5093637     3407.95670
  56502.5095165     3323.93076
  56502.5096646     3195.05984
  56502.5098222     3415.80907
  56502.5099702     3410.92375
  56502.5101229     3311.88616
  56502.5102712     3260.13934
  56502.5104240     3261.92884
  56502.5105769     3511.21061
  56502.5107296     3434.49373
  56502.5108778     3069.34073
  56502.5110305     3465.31126
  56502.5111833     3202.04972
  56502.5113362     3243.16385
  56502.5114842     3149.62799
  56502.5116371     3302.00997
  56502.5117945     3468.53446
  56502.5119426     3375.26215
  56502.5120907     3178.91753
  56502.5122437     3408.43006
  56502.5123964     3189.41315
  56502.5125491     3431.51367
  56502.5126973     3190.65422
  56502.5128501     3291.16027
  56502.5130030     3396.60988
  56502.5131557     3290.50208
  56502.5133085     3305.08467
  56502.5134566     3281.52695
  56502.5136095     3338.31727
  56502.5137622     3524.21971
  56502.5139103     3349.93847
  56502.5140632     3406.98833
  56502.5142159     3210.90718
  56502.5143688     3404.10344
  56502.5145215     3412.27313
  56502.5146744     3093.56825
  56502.5148225     3250.81581
  56502.5149751     3433.87120
  56502.5151281     3226.43142
  56502.5152808     3429.33857
  56502.5154291     3228.70920
  56502.5155818     3321.98982
  56502.5157300     3273.47486
  56502.5158827     3410.53409
  56502.5160355     3570.25566
  56502.5161884     3206.19153
  56502.5163411     3188.74148
  56502.5164893     3261.49740
  56502.5166420     3461.31215
  56502.5167947     3476.35424
  56502.5169429     3282.95811
  56502.5170957     3347.14860
  56502.5174013     3440.05975
  56502.5175494     3378.22049
  56502.5177024     3315.98354
  56502.5180079     3283.96913
  56502.5181561     3194.26745
  56502.5183088     3462.72605
  56502.5184616     3326.48020
  56502.5186144     3320.69158
  56502.5187625     3331.35560
  56502.5189154     3288.75104
  56502.5190681     3284.12810
  56502.5192209     3423.89718
  56502.5193690     3430.09978
  56502.5195219     3365.93210
  56502.5196746     3563.63599
  56502.5198274     3563.79660
  56502.5199756     3086.13998
  56502.5201285     3374.50395
  56502.5202812     3332.02600
  56502.5204339     3383.30998
  56502.5205821     3364.23931
  56502.5207396     3391.43075
  56502.5208878     3375.43209
  56502.5210405     3371.79926
  56502.5211887     3442.56813
  56502.5213415     3534.48536
  56502.5214941     3423.03406
  56502.5217951     3327.01383
  56502.5219481     3394.34482
  56502.5221007     3436.93201
  56502.5222535     3473.87056
  56502.5224063     3387.02687
  56502.5225591     3331.28575
  56502.5227073     3406.64971
  56502.5228601     3471.18105
  56502.5230128     3620.39002
  56502.5231610     3356.11380
  56502.5233137     3329.75582
  56502.5236147     3469.89062
  56502.5237676     3505.09880
  56502.5239203     3484.42840
  56502.5240731     3374.23977
  56502.5242213     3389.78704
  56502.5243787     3502.54552
  56502.5245269     3258.19311
  56502.5246797     3461.64275
  56502.5248326     3268.17615
  56502.5249806     3388.05456
  56502.5251333     3332.46876
  56502.5252862     3327.47156
  56502.5254343     3357.83292
  56502.5255919     3458.95702
  56502.5257399     3530.64687
  56502.5258927     3180.04884
  56502.5260409     3378.28178
  56502.5261936     3475.70405
  56502.5263465     3420.09319
  56502.5264992     3469.01395
  56502.5266520     3478.59566
  56502.5268048     3578.39447
  56502.5269529     3508.45098
  56502.5271058     3376.27634
  56502.5272539     3218.19276
  56502.5274068     3485.05785
  56502.5275594     3504.80414
  56502.5277122     3455.50575
  56502.5278605     3399.24865
  56502.5280133     3459.37829
  56502.5281660     3572.79992
  56502.5283188     3404.19317
  56502.5284669     3318.70896
  56502.5286198     3535.90441
  56502.5287725     3369.36372
  56502.5290735     3248.14397
  56502.5292264     3481.83830
  56502.5293791     3523.22931
  56502.5295318     3478.85477
  56502.5296800     3572.47648
  56502.5298374     3303.12379
  56502.5299856     3270.93770
  56502.5301383     3387.50264
  56502.5302866     3199.75361
  56502.5304394     3415.52069
  56502.5305921     3380.34268
  56502.5307449     3425.95242
  56502.5308977     3420.55225
  56502.5310504     3511.48056
  56502.5311986     3393.36474
  56502.5313515     3404.16501
  56502.5314995     3449.26742
  56502.5316569     3511.79144
  56502.5318052     3281.82332
  56502.5319579     3338.78446
  56502.5321061     3334.30376
  56502.5322635     3605.78532
  56502.5324117     3350.28055
  56502.5325645     3513.42484
  56502.5327126     3279.71610
  56502.5328701     3556.32583
  56502.5330181     3522.61264
  56502.5331710     3215.84065
  56502.5333238     3603.56017
  56502.5334719     3236.23714
  56502.5336247     3474.54630
  56502.5337774     3593.04401
  56502.5339256     3341.57386
  56502.5340785     3717.68769
  56502.5342312     3478.24612
  56502.5343841     3320.86224
  56502.5345322     3394.45117
  56502.5346851     3452.17366
  56502.5348378     3588.09405
  56502.5349905     3463.14995
  56502.5351388     3473.11393
  56502.5352916     3566.17547
  56502.5354443     3608.63205
  56502.5355971     3457.08233
  56502.5357499     3559.39877
  56502.5358981     3477.66453
  56502.5360508     3508.05532
  56502.5362036     3240.22870
  56502.5363518     3381.68927
  56502.5365047     3528.05181
  56502.5366573     3652.68470
  56502.5368102     3394.44927
  56502.5369582     3389.55824
  56502.5371111     3631.59555
  56502.5372638     3502.07668
  56502.5374166     3450.87836
  56502.5375695     3550.35820
  56502.5377176     3253.71633
  56502.5378704     3493.48358
  56502.5380232     3437.93427
  56502.5381759     3441.71589
  56502.5383241     3363.94605
  56502.5384769     3454.58043
  56502.5386298     3512.12336
  56502.5387779     3328.73215
  56502.5389307     3375.37081
  56502.5390835     3630.57270
  56502.5392362     3584.50078
  56502.5393844     3436.66603
  56502.5395419     3719.25076
  56502.5396899     3397.70850
  56502.5398427     3438.66437
  56502.5399955     3438.58619
  56502.5401437     3385.62686
  56502.5402965     3344.88516
  56502.5404493     3495.33668
  56502.5405973     3378.75612
  56502.5407503     3547.64421
  56502.5409030     3489.49226
  56502.5410558     3324.90410
  56502.5412086     3336.69024
  56502.5413567     3438.90929
  56502.5415095     3554.70429
  56502.5416623     3496.10488
  56502.5418105     3412.43064
  56502.5419679     3373.06084
  56502.5421161     3588.71009
  56502.5422688     3590.53137
  56502.5424169     3327.44005
  56502.5425698     3322.06724
  56502.5427226     3568.31825
  56502.5428754     3562.44650
  56502.5430235     3431.03488
  56502.5431810     3459.41000
  56502.5433291     3232.95149
  56502.5434820     3353.26683
  56502.5436300     3256.63409
  56502.5437828     3570.13449
  56502.5439357     3482.50097
  56502.5440884     3407.48308
  56502.5442366     3330.36731
  56502.5443894     3383.56165
  56502.5445422     3455.85660
  56502.5446949     3425.68044
  56502.5448430     3510.46414
  56502.5450005     3680.13232
  56502.5451486     3546.69145
  56502.5453016     3569.01617
  56502.5454496     3480.27192
  56502.5456024     3327.57860
  56502.5457552     3655.90407
  56502.5459080     3486.51638
  56502.5460562     3458.85302
  56502.5462090     3344.36026
  56502.5465192     3655.07970
  56502.5468155     3631.83792
  56502.5469682     3646.26347
  56502.5471210     3586.20936
  56502.5472691     3203.06381
  56502.5474221     3462.52227
  56502.5475748     3652.58007
  56502.5477275     3346.85164
  56502.5478757     3459.50664
  56502.5480285     3436.76039
  56502.5481813     3514.66138
  56502.5483341     3380.89299
  56502.5484869     3622.62981
  56502.5486350     3302.13783
  56502.5487878     3411.00002
  56502.5489406     3479.37830
  56502.5490887     3373.43617
  56502.5493943     3351.46279
  56502.5495472     3484.82990
  56502.5496953     3297.62562
  56502.5498528     3334.89097
  56502.5500009     3126.38236
  56502.5501536     3719.24170
  56502.5503019     3166.80495
  56502.5504546     3440.35643
  56502.5506075     3455.17019
  56502.5507602     3360.47428
  56502.5509083     3463.58107
  56502.5510612     3421.51457
  56502.5512140     3531.63123
  56502.5513668     3495.46831
  56502.5515196     3232.94957
  56502.5516676     3290.10843
  56502.5518204     3409.94036
  56502.5519732     3528.82735
  56502.5521214     3460.27738
  56502.5522743     3447.88770
  56502.5524316     3451.61519
  56502.5525797     3543.21260
  56502.5527279     3182.36685
  56502.5528808     3304.88956
  56502.5530335     3366.43101
  56502.5531863     3474.16841
  56502.5533345     3290.63208
  56502.5534873     3236.87529
  56502.5537928     3492.71617
  56502.5539410     3331.93310
  56502.5540938     3485.87769
  56502.5542466     3194.22107
  56502.5543993     3399.96803
  56502.5545475     3372.09588
  56502.5547004     3525.63769
  56502.5548530     3335.97260
  56502.5550059     3361.17676
  56502.5551540     3116.60702
  56502.5553069     3397.77610
  56502.5554597     3489.17646
  56502.5556124     3294.64955
  56502.5557652     3498.47494
  56502.5559133     3340.93339
  56502.5560662     3251.10120
  56502.5562189     3320.68950
  56502.5563671     3568.99688
  56502.5565199     3571.56993
  56502.5566728     3288.62955
  56502.5568255     3333.37469
  56502.5569735     3074.57079
  56502.5571311     3423.93615
  56502.5572838     3248.68711
  56502.5574321     3307.34375
  56502.5575801     3392.98525
  56502.5577328     3318.55181
  56502.5578858     3543.21169
  56502.5580385     3361.04150
  56502.5581867     3350.81866
  56502.5583394     3225.99696
  56502.5584923     3360.52067
  56502.5586450     3617.70298
  56502.5587978     3469.57660
  56502.5589460     3373.42442
  56502.5590987     3283.74513
  56502.5592517     3307.66252
  56502.5593997     3298.82081
  56502.5595525     3289.68352
  56502.5597053     3205.77560
  56502.5598581     3255.17167
  56502.5600062     3238.99321
  56502.5601591     3354.96562
  56502.5603118     3366.35174
  56502.5604646     3556.87309
  56502.5606127     3137.40358
  56502.5607655     3378.40189
  56502.5609183     3432.10627
  56502.5610712     3443.89847
  56502.5612192     3270.39463
  56502.5613721     3369.27269
  56502.5615248     3436.81668
  56502.5616776     3310.48444
  56502.5618304     3229.58093
  56502.5619785     3454.08383
  56502.5621315     3178.56874
  56502.5622842     3266.95918
  56502.5624324     3268.37455
  56502.5625851     3457.00481
  56502.5627379     3173.90694
  56502.5628908     3245.20597
  56502.5630389     3171.60944
  56502.5631917     3265.26545
  56502.5633445     3343.30604
  56502.5634973     3260.49083
  56502.5636454     3179.23633
  56502.5638027     3355.74399
  56502.5639509     3268.86378
  56502.5641038     3248.52892
  56502.5642519     3269.07522
  56502.5644047     3346.79598
  56502.5645575     3275.32743
  56502.5647102     3310.28220
  56502.5648631     3438.03315
